1,Unnamed: 1,Unnamed: 2,Unnamed: 3,Unnamed: 4,Unnamed: 5,Unnamed: 6,Unnamed: 7,Unnamed: 8,Unnamed: 9,Unnamed: 10,Unnamed: 11,Unnamed: 12,Unnamed: 13,Unnamed: 14
,,,,,,,,,,,,,,
,Data de Referência,,,,,,,,,,,,,
,2024-11-11 00:00:00,,,,,,,,,,,,,
,,,,,,,,,,,,,,
MERCADO SECUNDÁRIO DE DEBÊNTURES,,,,,,,,,,,,,,
Títulos Privados - DEBÊNTURES,,,DI + SPREAD,,,,,,,2024-11-11 00:00:00,,,,
Código,Nome,Repac./  Venc.,Índice/ Correção,Taxa de Compra,Taxa de Venda,Taxa Indicativa,Desvio Padrão,Intervalo Indicativo,,PU,% Pu Par,Duration,% Reune,Referência NTN-B
,,,,,,,,Min.,Máx.,,,,,
AALR13,CENTRO DE IMAGEM DIAGNOSTICOS S/A (*) (**),04/10/2027,"DI + 2,75%",9.9186,6.8465,9.1583,1.5784,7.5799,10.7368,827.037042,90.6811,402.11,,
AEGE16,EQUIPAV SANEAMENTO S.A. (*) (**),11/03/2034,"DI + 3,9%",3.0938,2.4955,2.8762,0.4084,2.4679,3.2847,1068.08102,104.2983,1079.5,0.05,
AEGP14,AEGEA SANEAMENTO E PARTICIPAÇÕES S/A (*) (**),05/02/2025,"DI + 1,8%",0.5,0.1023,0.3177,0.1166,0.2011,0.4344,518.42278,100.3382,58,,
AEGP17,AEGEA SANEAMENTO E PARTICIPAÇÕES S/A (*) (**),12/04/2027,"DI + 2,15%",1.6412,1.35,1.4584,0.0836,1.3749,1.5421,1018.536233,100.8648,319.92,0.35,
AEGP19,AEGEA SANEAMENTO E PARTICIPAÇÕES S/A (*),04/10/2028,"DI + 1,9%",1.8266,1.5247,1.674,0.1057,1.5684,1.7798,1017.878035,100.5315,601.92,0.05,
AEGPA1,AEGEA SANEAMENTO E PARTICIPAÇÕES S/A (*),02/09/2029,"DI + 2,45%",2.219,1.9233,2.0677,0.0973,1.9704,2.1651,1036.337626,101.0951,734.98,0.05,
AEGPA3,AEGEA SANEAMENTO E PARTICIPAÇÕES S/A (*) (**),15/03/2026,DI + 3%,2.2681,1.9011,2.0837,0.0426,2.0411,2.1264,1032.25737,101.1044,309.82,,
AEGPA4,AEGEA SANEAMENTO E PARTICIPAÇÕES S/A (*),25/10/2028,"DI + 3,47%",2.39,2.0793,2.2336,0.0518,2.1818,2.2854,1031.812895,102.9562,612.34,0.05,
AEGPA7,AEGEA SANEAMENTO E PARTICIPAÇÕES S/A (*),15/09/2026,"DI + 2,75%",2.1202,1.8702,1.9923,0.0703,1.922,2.0626,1032.988518,101.215,411.36,,
AEGPA9,AEGEA SANEAMENTO E PARTICIPAÇÕES S/A (*),25/06/2029,"DI + 2,75%",2.3292,2,2.1727,0.1061,2.0666,2.279,1067.044421,101.7144,761.73,,
AEGPB7,AEGEA SANEAMENTO E PARTICIPAÇÕES S/A (*),15/09/2028,"DI + 2,95%",2.371,2.0513,2.1856,0.0907,2.0949,2.2764,1041.241021,101.9922,668.08,,
AERI11,AERIS INDUSTRIA E COMERCIO DE EQUIPAMENTOS PARA GERACAO DE ENERGIA S.A,15/01/2026,"DI + 2,9%",--,--,13.1593,1.6737,11.4856,14.833,657.016418,94.3683,150.85,,
AERI12,AERIS INDUSTRIA E COMERCIO DE EQUIPAMENTOS PARA GERACAO DE ENERGIA S.A,31/07/2026,DI + 2%,--,16.1594,16.9914,3.1298,13.8617,20.1213,887.100588,85.679,279.84,,
AESB11,AES BRASIL ENERGIA S.A. (*) (**),10/03/2025,"DI + 2,3%",1.8029,1.6394,1.71,0.3876,1.3223,2.0977,311.982736,100.1815,79,,
AETE11,AETE - AMAZONIA EMPRESA TRANSMISSORA DE ENERGIA S.A. (*) (**),10/09/2026,"DI + 2,7%",2,1.5,1.7511,0.0035,1.7476,1.7548,667.657121,101.309,353.42,,
AGAU13,AGASUS S.A. (*),15/03/2027,"DI + 4,5%",4.0617,3.7328,3.9119,0.0462,3.8657,3.9582,1032.548964,100.9011,400.83,0.05,
ALGA28,ALGAR TELECOM S/A,15/02/2026,"DI + 0,9%",0.6451,0.4137,0.5104,0.0727,0.4376,0.5832,10301.336837,100.2778,180.78,,
ALGAA1,ALGAR TELECOM S/A (*),15/07/2028,"DI + 1,6%",0.9307,0.6702,0.786,0.0961,0.69,0.8822,1061.292944,102.0602,639.97,0.35,
ALGAA2,ALGAR TELECOM S/A (*),15/01/2029,"DI + 1,55%",1.1244,0.85,1.0025,0.0479,0.9546,1.0505,1055.823891,101.5512,718.55,,
ALGTA3,ALGAR TELECOM S/A (*),17/02/2027,DI + 2%,1.3486,0.9515,1.1499,0,1.15,1.15,1038.772342,100.9444,283.66,0.1,
ALMC12,ALUBAR METAIS E CABOS S.A (*) (**),10/06/2027,"DI + 4,8%",5,4.1831,4.8021,0.1784,4.6236,4.9806,799.565641,99.9974,327.49,0.45,
ALPA12,ALPARGATAS S.A. (*),12/12/2027,"DI + 1,35%",1.0173,0.6601,0.8587,0.0316,0.8271,0.8904,1062.376654,101.2063,622.38,0.35,
ALSO15,ALIANSCE SONAE SHOPPING CENTER S/A (*) (**),15/03/2027,"DI + 1,43%",0.9505,0.5967,0.7767,0.0033,0.7734,0.7802,1026.41102,100.7772,302.41,,
ALSO25,ALIANSCE SONAE SHOPPING CENTER S/A (*) (**),15/03/2029,"DI + 1,55%",--,--,0.9671,0.0793,0.8878,1.0465,1036.451484,101.7439,757.93,,
ALSR12,ALSOL ENERGIAS RENOVAVEIS S/A (*) (**),15/03/2025,"DI + 2,35%",1.7,1.2238,1.4761,0.0425,1.4336,1.5188,1022.875878,100.2862,84,,
ALTF11,ALTHAIA S.A. INDUSTRIA FARMACEUTICA (*) (**),15/01/2027,"DI + 2,3%",2.0968,1.8,1.9385,0.0657,1.8728,2.0043,1014.725431,100.5251,372.98,,
ALUP17,ALUPAR INVESTIMENTO S/A (*) (**),15/10/2025,"DI + 1,4%",0.771,0.3456,0.5659,0.0558,0.5101,0.6218,508.098653,100.738,224.35,,
AMBP16,AMBIPAR PARTICIPACOES E EMPREENDIMENTOS S/A (*) (**),25/04/2029,"DI + 2,75%",2.9058,2.017,2.5328,0.2464,2.2863,2.7793,1011.482634,100.5796,688.65,0.05,
ANHB10,CONCESSIONÁRIA DO SISTEMA ANHANGUERA-BANDEIRANTES S/A (*) (**),21/10/2026,"DI + 1,2%",0.6034,0.3318,0.4664,0.0331,0.4333,0.4995,294.360131,100.8187,282.71,,
ANHBA2,CONCESSIONÁRIA DO SISTEMA ANHANGUERA-BANDEIRANTES S/A (*),04/11/2026,"DI + 1,3%",0.8161,0.29,0.5245,0.0759,0.4486,0.6006,1012.862364,101.0535,343.92,,
ANHBA3,CONCESSIONÁRIA DO SISTEMA ANHANGUERA-BANDEIRANTES S/A (*) (**),15/09/2027,"DI + 1,2%",0.8751,0.4529,0.6245,0.1139,0.5106,0.7385,1029.91936,101.1581,509.16,,
ANHBA4,CONCESSIONÁRIA DO SISTEMA ANHANGUERA-BANDEIRANTES S/A (*),14/06/2028,"DI + 2,14%",1.3767,1.0946,1.2035,0.0493,1.1541,1.2529,1076.683026,102.3259,630.41,,
APPSB2,AUTOPISTA PLANALTO SUL S/A (*),15/09/2028,"DI + 2,15%",1.9741,1.6505,1.8114,0.0382,1.7732,1.8497,1025.802479,100.6044,457.8,,
APRB28,AUTOPISTA REGIS BITTENCOURT S/A (*),15/06/2027,"DI + 0,86%",0.8088,0.55,0.64,0.0832,0.5568,0.7233,714.967404,100.2979,343.52,,
ARML12,ARMAC LOCACAO LOGISTICA E SERVICOS S.A. (*),25/11/2028,"DI + 2,5%",1.3,1.1012,1.1994,0.002,1.1974,1.2014,1082.596708,102.0826,409.57,,
ARML13,ARMAC LOCACAO LOGISTICA E SERVICOS S.A. (*) (**),04/11/2029,"DI + 2,25%",1.5401,1.1703,1.3673,0.1708,1.1965,1.5382,1032.363767,102.9801,855.8,,
ARML14,ARMAC LOCACAO LOGISTICA E SERVICOS S.A. (*),15/03/2032,"DI + 1,9%",1.8156,1.4327,1.6124,0.1065,1.5059,1.719,1031.483258,101.2009,1066.13,,
ARTRA1,ARTERIS S/A (*) (**),11/03/2027,"DI + 1,65%",1.5416,1.2768,1.4069,0.0687,1.3383,1.4757,1023.139396,100.2837,298.3,0.1,
ARTRA4,ARTERIS S/A (*),24/08/2028,"DI + 2,7%",2.2106,1.875,2.0386,0.103,1.9356,2.1417,1043.280143,101.47,570.04,,
ARTRA5,ARTERIS S/A (*),12/04/2029,"DI + 2,4%",2.2729,1.9523,2.0693,0.1034,1.9659,2.1728,1018.902763,100.8815,684.28,0.4,
ASAI14,SENDAS DISTRIBUIDORA S/A (*),26/11/2027,"DI + 1,75%",1.673,1.2746,1.4597,0.0469,1.4128,1.5067,1063.105167,100.5929,521.67,,
ASAI18,SENDAS DISTRIBUIDORA S/A (*),22/12/2027,"DI + 1,85%",--,--,1.6098,0.0391,1.5708,1.649,1054.162361,100.5859,623.8,,
ASAI19,SENDAS DISTRIBUIDORA S/A (*),25/03/2029,"DI + 1,25%",1.7129,1.4344,1.5566,0.0263,1.5303,1.5829,1005.744296,99.0855,765.14,,
ASAI22,SENDAS DISTRIBUIDORA S/A (*),20/05/2028,"DI + 1,95%",1.6985,1.3536,1.5288,0.0345,1.4943,1.5633,1070.773275,100.9873,598.62,,
ASAI28,SENDAS DISTRIBUIDORA S/A (*),22/12/2028,"DI + 1,95%",1.8949,1.529,1.7064,0.0354,1.671,1.7419,1056.139442,100.7353,772.34,0.35,
ASAIA0,SENDAS DISTRIBUIDORA S/A (*),20/06/2029,"DI + 1,25%",1.7568,1.4305,1.593,0.0581,1.5349,1.6512,1034.264742,98.9627,776.1,,
ASAIA1,SENDAS DISTRIBUIDORA S/A (*),25/09/2029,"DI + 1,25%",1.7346,1.3815,1.5683,0.0218,1.5465,1.5902,1002.641459,98.9581,840.09,0.05,
AURE13,AUREN ENERGIA S.A. (*),10/10/2031,"DI + 0,55%",0.9363,0.7074,0.8222,0.2075,0.6147,1.0298,997.583488,98.8718,1056.17,0.35,
BCBF15,BCBF PARTICIPAÇÕES S/A (*) (**),04/11/2025,"DI + 2,65%",2.0943,1.7061,1.9537,0.076,1.8776,2.0298,336.33929,100.6435,237.49,,
BCBF16,BCBF PARTICIPAÇÕES S/A (*) (**),07/10/2027,"DI + 1,45%",0.8796,0.69,0.7864,0.0429,0.7436,0.8294,1022.735769,101.1038,422.08,0.1,
BCPSA3,CLARO S/A,27/01/2026,"DI + 1,35%",--,--,1.0135,0.2207,0.7929,1.2343,1038.223489,100.3712,280.8,0.1,
BCPSA4,CLARO S/A,20/02/2027,"DI + 1,2%",--,--,1.1451,0.0329,1.1121,1.1781,1027.768003,100.1065,494.15,,
BKBR19,BK BRASIL OPERAÇÃO E ASSESSORIA A RESTAURANTES S/A (*) (**),24/04/2027,"DI + 1,9%",2.3398,1.8532,2.0234,0.1328,1.8906,2.1563,1003.66786,99.7912,435.13,0.15,
BRIT11,BRISANET PARTICIPACOES S.A.,25/08/2027,DI + 2%,1.0188,0.7569,0.8896,0.0501,0.8395,0.9398,1044.19671,101.7108,391.48,,
BRIT12,BRISANET PARTICIPACOES S.A. (*),10/07/2030,"DI + 1,6%",1.4,1.13,1.2754,0.0933,1.1821,1.3688,1051.164845,101.0863,851.93,,
BRKMA6,BRASKEM S/A (*),12/05/2029,"DI + 1,75%",2.6733,2.2714,2.4576,0.0428,2.4149,2.5005,1038.278791,97.7915,809.88,0.15,
BRKMA8,BRASKEM S/A (*),09/11/2029,"DI + 1,7%",2.6586,2.2429,2.4627,0.0544,2.4083,2.5172,972.801345,97.2801,927.62,,
BRKMB6,BRASKEM S/A (*),12/05/2032,DI + 2%,2.6815,2.0413,2.3106,0.2686,2.042,2.5793,1049.947877,98.7664,1026.56,,
BRKMB8,BRASKEM S/A (*),09/11/2032,"DI + 1,95%",2.7757,2.3745,2.5987,0.1796,2.4191,2.7784,971.596506,97.1597,1140.04,,
BRKPA0,BRK AMBIENTAL PARTICIPACOES S/A (*) (**),15/04/2027,"DI + 2,4%",2.3709,2.0764,2.1903,0.1099,2.0804,2.3003,1013.813453,100.4274,524.34,0.15,
BRKPA1,BRK AMBIENTAL PARTICIPACOES S/A (*) (**),06/03/2028,"DI + 3,4%",2.5409,2.2681,2.3721,0.0628,2.3094,2.435,1051.965134,102.6473,660.33,0.05,
BRKPA2,BRK AMBIENTAL PARTICIPACOES S/A (*),21/02/2029,"DI + 3,25%",2.7941,2.5475,2.6512,0.069,2.5821,2.7203,1049.969518,101.8428,792.59,0.1,
BRKPA3,BRK AMBIENTAL PARTICIPACOES S/A (*),23/08/2029,"DI + 2,93%",2.7993,2.5271,2.6578,0.0422,2.6156,2.7001,1037.503771,100.9101,863.04,0.5,
BRMLA0,BR MALLS PARTICIPAÇÕES S/A (*) (**),14/11/2027,"DI + 1,3%",0.9114,0.6283,0.7668,0.06,0.7068,0.8269,1065.421496,100.6205,4.88,,
BRMLA1,BR MALLS PARTICIPAÇÕES S/A (*),20/08/2031,"DI + 0,63%",0.7956,0.5308,0.6477,0.0554,0.5923,0.7032,1021.926166,99.9219,1087.19,0.4,
BRMLB1,BR MALLS PARTICIPAÇÕES S/A (*),20/08/2034,"DI + 0,95%",1.0386,0.7997,0.9172,0.0437,0.8735,0.961,1025.128281,100.1681,1320.18,,
BSA312,"B3 S/A - BRASIL, BOLSA, BALCÃO (*) (**)",05/05/2025,"DI + 1,05%",--,--,0.7151,0.0292,0.6859,0.7444,10037.862756,100.1529,116,,
BSA317,"B3 S/A - BRASIL, BOLSA, BALCÃO (*)",11/10/2028,"DI + 1,05%",0.736,0.516,0.6172,0.0315,0.5858,0.6488,1021.525382,101.2029,702.61,0.45,
BSA318,"B3 S/A - BRASIL, BOLSA, BALCÃO (*)",28/05/2029,"DI + 0,62%",0.65,0.4925,0.5695,0.0025,0.567,0.572,1052.291783,100.138,692.25,0.05,
BTCL11,BRAZIL TOWER CESSAO DE INFRA-ESTRUTURAS S.A. (*) (**),30/12/2028,"DI + 4,5%",3.6,3.1,3.3517,0.0043,3.3474,3.3562,1045.249358,102.7298,616.59,,
BTEL12,BRASIL TELECOM COMUNICACAO MULTIMIDIA S.A. (*) (**),15/06/2025,"DI + 3,5%",3.6227,3.1743,3.3906,0.0589,3.3317,3.4497,1058.132541,100.0579,137.81,0.35,
BVPL11,BORRACHAS VIPAL S.A. (*),16/09/2028,"DI + 4,5%",3.2702,2.9,3.0769,0.0476,3.0293,3.1246,984.393677,102.2076,403.41,,
CAEC11,COMPANHIA DE AGUA E ESGOTO DO CEARA - CAGECE (*) (**),15/03/2026,"DI + 2,1%",1.5842,1.1984,1.3904,0.0628,1.3276,1.4533,768.898601,100.553,199.38,,
CAEC22,COMPANHIA DE AGUA E ESGOTO DO CEARA - CAGECE (*),15/06/2029,"DI + 2,2%",2,1.6,1.8566,0.1032,1.7534,1.9599,1054.671431,100.9801,731,,
CAEC32,COMPANHIA DE AGUA E ESGOTO DO CEARA - CAGECE (*),15/06/2031,"DI + 2,5%",2.2,1.8,2.0627,0.1953,1.8674,2.258,1062.953957,101.6666,976.61,,
CAML19,CAMIL ALIMENTOS S/A,30/09/2025,"DI + 2,7%",0.85,0.4653,0.6375,0.2119,0.4257,0.8495,516.455572,101.7273,212.76,0.1,
CAMLA1,CAMIL ALIMENTOS S/A,30/10/2028,"DI + 1,55%",--,--,1.0541,0.0447,1.0094,1.0989,1017.674901,101.3879,710.25,,
CAMLB1,CAMIL ALIMENTOS S/A,30/10/2028,"DI + 1,55%",1.2932,1.0429,1.1681,0.0213,1.1468,1.1895,1014.446839,101.0663,709.93,,
CASN12,COMPANHIA CATARINENSE DE AGUAS E SANEAMENTO - CASAN (*) (**),14/09/2026,"DI + 5,75%",1.4296,0.5067,1.048,0.2689,0.7791,1.317,5621.824905,103.7977,208.2,,
CASN13,COMPANHIA CATARINENSE DE AGUAS E SANEAMENTO - CASAN (*),16/11/2028,"DI + 5,5%",2.9198,1.7418,2.4723,0.4929,1.9793,2.9653,1071.165187,105.9353,502.89,0.45,
CBAN22,CONCESSIONÁRIA ROTA DAS BANDEIRAS S/A (*) (**),15/07/2027,DI + 2%,0.932,0.5933,0.7678,0.0622,0.7056,0.8301,1059.369908,101.5935,328.88,0.1,
CBRDA8,COMPANHIA BRASILEIRA DE DISTRIBUIÇÃO (*) (**),10/05/2026,"DI + 1,7%",4.6659,4.0854,4.3497,0.9966,3.3531,5.3463,976.413661,97.8375,233.22,0.35,
CBRDB8,COMPANHIA BRASILEIRA DE DISTRIBUIÇÃO (*),10/05/2028,"DI + 1,95%",4.5742,3.9743,4.2996,0.2087,4.0908,4.5084,945.011085,94.5011,623.21,0.35,
CCROA7,CCR S/A (*),12/07/2029,"DI + 0,75%",--,--,0.7463,0.0053,0.741,0.7516,1036.597664,100.0105,720.45,0.05,
CDAR11,UNIDAS LOCADORA S.A. (*) (**),27/09/2027,DI + 2%,2.223,1.7956,2.0453,0.2226,1.8227,2.268,1014.117063,99.9097,512.47,,
CEAB11,C E A MODAS S.A.,20/05/2025,"DI + 2,15%",0.6499,0.2716,0.5344,0.2262,0.3082,0.7607,534.697136,100.7601,119.71,,
CEAB12,C E A MODAS S.A.,13/11/2025,"DI + 2,1%",1.5928,1.2903,1.3919,0.0825,1.3094,1.4745,1070.373581,100.6373,230.09,0.45,
CEAB13,C E A MODAS S.A. (*),15/07/2027,"DI + 1,8%",1.8633,1.6,1.729,0.0453,1.6837,1.7744,1035.909954,100.1548,558.58,,
CEAB22,C E A MODAS S.A.,13/05/2028,"DI + 2,4%",1.8153,1.1617,1.5536,0.2287,1.3249,1.7824,1079.533866,101.3462,407.29,0.1,
CEEBA3,CIA DE ELETRICIDADE DO ESTADO DA BAHIA - COELBA (*) (**),15/10/2026,"DI + 1,34%",0.6,0.2034,0.4233,0.0364,0.3869,0.4599,1024.68788,101.5842,436.1,,
CEEBA6,CIA DE ELETRICIDADE DO ESTADO DA BAHIA - COELBA (*) (**),15/08/2028,"DI + 1,95%",1.5311,1.2745,1.4043,0.0222,1.3821,1.4266,1046.162501,101.579,736.56,0.35,
CEEBA7,CIA DE ELETRICIDADE DO ESTADO DA BAHIA - COELBA (*),15/11/2028,"DI + 1,18%",0.8414,0.5886,0.7187,0.0213,0.6973,0.7401,1072.428631,101.3878,761.14,,
CEEBA8,CIA DE ELETRICIDADE DO ESTADO DA BAHIA - COELBA (*),10/06/2029,"DI + 0,95%",0.85,0.4138,0.6564,0.054,0.6024,0.7106,1057.359101,100.986,849.76,,
CEEBB3,CIA DE ELETRICIDADE DO ESTADO DA BAHIA - COELBA (*),15/10/2028,"DI + 1,49%",0.9483,0.3228,0.6723,0.0545,0.6178,0.7269,1031.762102,102.2742,701.63,,
CEEBB8,CIA DE ELETRICIDADE DO ESTADO DA BAHIA - COELBA (*),10/06/2031,"DI + 1,1%",0.8958,0.4016,0.6805,0.05,0.6305,0.7306,1065.640147,101.7133,1032.07,,
CEED11,COMPANHIA ESTADUAL DE DISTRIBUICAO DE ENERGIA ELETRICA - CEEE D (*) (**),15/08/2026,"DI + 1,45%",0.9592,0.8,0.8591,0.0338,0.8253,0.893,517.78253,100.6717,288.99,0.35,
CEED14,COMPANHIA ESTADUAL DE DISTRIBUICAO DE ENERGIA ELETRICA - CEEE D (*),11/12/2029,"DI + 1,65%",1.0516,0.8665,0.9812,0.0118,0.9693,0.9931,1072.793221,102.0225,766.16,,
CEED16,COMPANHIA ESTADUAL DE DISTRIBUICAO DE ENERGIA ELETRICA - CEEE D (*),05/08/2030,"DI + 1,05%",1.0472,0.7998,0.9319,0.0517,0.8803,0.9837,1033.644069,100.4082,878.28,,
CELG12,EQUATORIAL GOIAS DISTRIBUIDORA DE ENERGIA S.A. (*) (**),20/01/2026,"DI + 1,5%",1.2248,1,1.1095,0.0161,1.0933,1.1257,148.543967,100.4225,275.65,,
CELP16,CENTRAIS ELETRICAS DO PARA S.A - CELPA (*) (**),15/05/2028,"DI + 1,4%",0.9722,0.7014,0.8399,0.058,0.782,0.898,1.070865,101.1293,511.92,,
CEMTE2,ENERGISA MATO GROSSO - DISTRIBUIDORA DE ENERGIA S.A.(*) (**),10/06/2029,"DI + 1,05%",0.7075,0.2875,0.5073,0.0565,0.4508,0.5639,1065.015187,101.4984,697.16,,
CEPEA1,COMPANHIA ENERGÉTICA DE PERNAMBUCO - CELPE (*),15/10/2026,"DI + 1,39%",1.0297,0.7609,0.9178,0.0911,0.8267,1.0091,1016.918513,100.8103,435.75,,
CEPEA3,COMPANHIA ENERGÉTICA DE PERNAMBUCO - CELPE (*),15/11/2028,"DI + 1,18%",1.0072,0.8,0.9034,0.0992,0.8042,1.0027,1066.513681,100.8286,760.29,,
CEPEA4,COMPANHIA ENERGÉTICA DE PERNAMBUCO - CELPE (*),18/03/2029,"DI + 1,18%",0.9957,0.6547,0.8027,0.0344,0.7682,0.8372,1029.926005,101.2508,839.35,,
CEPEB1,COMPANHIA ENERGÉTICA DE PERNAMBUCO - CELPE (*) (**),15/10/2028,"DI + 1,54%",1.1547,0.8447,1.0268,0.0945,0.9322,1.1214,1023.14874,101.4166,700.29,,
CEPEB2,COMPANHIA ENERGÉTICA DE PERNAMBUCO - CELPE (*),15/04/2029,"DI + 1,68%",--,--,1.4514,0.0362,1.4152,1.4876,1015.966753,100.6942,775.03,,
CERO19,CENTRAIS ELETRICAS DE RONDONIA S/A CERON,15/04/2029,"DI + 0,85%",0.85,0.3952,0.6748,0.1607,0.5141,0.8356,1014.345327,100.5957,861.17,,
CESE22,CELSE - CENTRAIS ELETRICAS DE SERGIPE S.A. (*) (**),15/09/2028,"DI + 2,5%",1.0259,0.8,0.9187,0.0726,0.8461,0.9914,1051.566165,103.0752,493.35,,
CGASA0,COMPANHIA DE GAS DE SÃO PAULO - COMGAS (*),15/03/2029,"DI + 0,8%",--,--,0.8177,0.0201,0.7976,0.838,1016.892349,99.9414,841.48,,
CGBP13,CONTOUR GLOBAL DO BRASIL PARTICIPACOES S.A (*) (**),15/10/2029,DI + 2%,1.7467,1.3084,1.5299,0.0226,1.5073,1.5526,813.731983,101.1304,614.37,0.45,
CGEE11,COMPANHIA ESTADUAL DE GERACAO DE ENERGIA ELETRICA - CEEE-G (*) (**),06/12/2024,"DI + 2,35%",2.5394,1.9561,2.2203,0.0634,2.1569,2.2838,1056.277365,100.0086,17,,
CGOS14,EQUATORIAL GOIAS DISTRIBUIDORA DE ENERGIA S.A. (*),15/10/2029,"DI + 1,65%",1.0451,0.5799,0.8296,0.0921,0.7375,0.9218,1.034306,102.5142,774.22,0.1,
CGOS15,EQUATORIAL GOIAS DISTRIBUIDORA DE ENERGIA S.A. (*),20/03/2030,"DI + 1,05%",1.0072,0.6347,0.799,0.1111,0.688,0.9102,1024.528576,100.8281,836.33,,
CGOS17,EQUATORIAL GOIAS DISTRIBUIDORA DE ENERGIA S.A. (*),05/08/2030,DI + 1%,1.0727,0.8183,0.9634,0.0459,0.9175,1.0093,1030.609729,100.1264,878.65,,
CGOS18,EQUATORIAL GOIAS DISTRIBUIDORA DE ENERGIA S.A. (*),15/09/2030,DI + 1%,1.1,0.7902,0.9488,0.0323,0.9165,0.9813,1012.53068,100.1833,910.16,0.05,
CHSF14,COMPANHIA HIDRO ELETRICA DO SAO FRANCISCO - CHESF (*),15/09/2031,"DI + 0,85%",1.1143,0.7888,0.9229,0.0475,0.8754,0.9705,1007.623567,99.6685,1157.58,0.15,
CIEL16,CIELO S/A,20/09/2025,"DI + 1,2%",0.4639,0.3,0.3953,0.0226,0.3727,0.418,1023.036512,100.6599,207.64,0.05,
CIME12,CIMED INDUSTRIA S.A (*) (**),25/05/2027,"DI + 1,8%",1.6,1.1,1.3545,0.0305,1.3241,1.3851,1063.136779,100.5726,328.42,,
CLCD14,CELESC DISTRIBUIÇÃO S/A (*) (**),15/04/2026,"DI + 2,6%",--,0.5658,0.9681,0.4848,0.4833,1.453,427.156596,101.068,167.34,,
CLCD16,CELESC DISTRIBUIÇÃO S/A (*),15/11/2028,"DI + 1,65%",1.1681,0.6961,0.9234,0.2502,0.6733,1.1737,1078.367394,101.7114,597.23,0.35,
CLCD17,CELESC DISTRIBUIÇÃO S/A (*),15/07/2031,"DI + 0,95%",1.0001,0.5834,0.7955,0.0354,0.7601,0.831,1038.756239,100.6275,1030.09,,
CLII12,CORREDOR LOGISTICA E INFRAESTRUTURA S.A (*),10/10/2031,"DI + 3,5%",2,1.6001,1.8134,0.0376,1.7758,1.8511,1048.264301,105.7031,858.95,0.15,
CMGD18,CEMIG DISTRIBUIÇÃO S/A (*) (**),15/06/2027,"DI + 1,35%",0.9012,0.2591,0.5822,0.045,0.5371,0.6273,1065.494271,101.6391,539.32,,
CMGD19,CEMIG DISTRIBUIÇÃO S/A (*) (**),15/05/2026,"DI + 2,05%",1.5524,1.2953,1.4203,0.0338,1.3865,1.4543,1068.180297,100.5514,224.08,,
CMGDA0,CEMIG DISTRIBUIÇÃO S/A (*),15/02/2029,"DI + 0,8%",0.7556,0.4969,0.6197,0.0667,0.553,0.6865,1032.491227,100.5318,746.86,,
CMGDA1,CEMIG DISTRIBUIÇÃO S/A (*),15/09/2031,"DI + 0,55%",--,--,0.6145,0.0439,0.5706,0.6585,1010.395278,99.7186,1107.18,,
CMPH14,CM HOSPITALAR S.A.,05/11/2028,"DI + 1,7%",--,--,15.0675,2.9473,12.1202,18.0149,780.985456,77.9495,489.79,,
CMTR19,CEMIG GERAÇÃO E TRANSMISSÃO S/A (*),15/12/2027,"DI + 1,33%",0.657,0.4128,0.535,0.0424,0.4926,0.5775,1062.833264,101.3936,443.59,,
COCE19,COMPANHIA ENERGÉTICA DO CEARÁ - COELCE (*),10/01/2026,"DI + 1,48%",1.1684,0.8663,1.0168,0.028,0.9889,1.0449,1045.968347,100.4906,269.61,,
COGNA2,COGNA EDUCACAO S.A (*),15/05/2027,"DI + 1,35%",1.3467,0.9572,1.1711,0.0961,1.075,1.2673,1059.203182,100.3655,520.56,,
COGNB2,COGNA EDUCACAO S.A (*),15/05/2029,"DI + 1,6%",1.5824,1.2175,1.4222,0.1066,1.3156,1.529,1062.113688,100.5233,751.4,,
COMR13,COMERC PARTICIPACOES S.A. (*) (**),10/05/2026,"DI + 3,2%",2.2597,1.8584,2.0817,0.0539,2.0279,2.1357,1015.071059,101.5071,346.08,,
COMR16,COMERC PARTICIPACOES S.A. (*),15/04/2027,"DI + 2,2%",1.7591,1.3572,1.5729,0.0957,1.4773,1.6687,1081.458985,101.2345,502.72,0.5,
CPFPA4,COMPANHIA PIRATININGA DE FORÇA E LUZ (*),25/05/2029,"DI + 1,47%",0.9115,0.7301,0.805,0.0183,0.7867,0.8233,1076.581834,102.0007,760.87,,
CPFPA6,COMPANHIA PIRATININGA DE FORÇA E LUZ (*),05/06/2028,"DI + 0,57%",--,--,0.6116,0.0108,0.6009,0.6225,899.496508,99.9362,388.51,,
CPGT17,COPEL GERAÇÃO E TRANSMISSÃO S/A (*) (**),15/10/2026,"DI + 1,38%",0.9249,0.7413,0.8287,0.0212,0.8075,0.85,1015.96926,100.7169,330.32,,
CPGT18,COPEL GERAÇÃO E TRANSMISSÃO S/A (*),15/01/2030,"DI + 1,4%",0.9493,0.4806,0.7121,0.0515,0.6607,0.7637,1063.63556,102.3535,863.39,,
CPLD16,COPEL DISTRIBUICAO S/A (*) (**),15/06/2026,"DI + 1,75%",1.7261,1.3067,1.5189,0.0114,1.5075,1.5305,1052.358158,100.2214,245.18,,
CPLD17,COPEL DISTRIBUICAO S/A (*) (**),15/05/2025,"DI + 1,21%",0.8304,0.267,0.5445,0.0362,0.5083,0.5808,530.579334,100.3074,117.23,,
CPLD19,COPEL DISTRIBUICAO S/A (*),15/05/2031,"DI + 0,6%",0.7554,0.5878,0.6747,0.0278,0.6469,0.7026,1045.140913,99.7155,966.73,0.05,
CPLD27,COPEL DISTRIBUICAO S/A (*),15/05/2027,"DI + 1,36%",0.7594,0.4181,0.6009,0.0642,0.5367,0.6652,1072.242575,101.2795,426.67,0.35,
CPLD28,COPEL DISTRIBUICAO S/A (*),15/06/2027,DI + 2%,1.3112,0.9736,1.1254,0.0392,1.0862,1.1647,1067.124435,101.5238,443.12,,
CPLD38,COPEL DISTRIBUICAO S/A (*),15/06/2028,"DI + 2,25%",1.2919,0.8578,1.0762,0.0218,1.0544,1.098,1086.143265,103.2279,695.41,,
CPTE12,CACHOEIRA PAULISTA TRANS. DE ENERGIA S/A (*),15/07/2031,"DI + 1,7%",0.9675,0.7644,0.9176,0.1967,0.7209,1.1144,853.359831,102.1814,707.8,,
CRFB16,ATACADAO S.A. (*) (**),12/01/2026,"DI + 1,2%",0.9509,0.677,0.8073,0.0178,0.7895,0.8252,1044.199616,100.4175,270.07,,
CRFB26,ATACADAO S.A. (*) (**),11/01/2027,"DI + 1,35%",1.1019,0.8273,0.951,0.0044,0.9466,0.9554,1048.021173,100.7329,466.67,,
CRNP11,CONCESSIONARIA DE RODOVIAS NOROESTE PAULISTA S.A. (*) (**),30/09/2025,"DI + 2,5%",1.995,1.137,1.4938,0.073,1.4208,1.567,1018.043782,100.839,213.44,,
CSAN13,COSAN S.A. (*) (**),15/08/2028,"DI + 1,65%",1.1738,0.8999,1.0318,0.0195,1.0123,1.0513,1045.69856,101.6076,659.67,,
CSAN14,COSAN S.A. (*),05/05/2028,"DI + 1,5%",1.03,0.8465,0.9279,0.0191,0.9088,0.9471,1018.081911,101.6171,715.89,0.1,
CSAN15,COSAN S.A. (*),20/04/2028,"DI + 2,4%",1.5191,1.3675,1.4232,0.0205,1.4026,1.4438,1034.608553,102.6907,699.3,0.5,
CSAN16,COSAN S.A. (*),20/06/2028,"DI + 2,4%",1.7193,1.4439,1.6066,0.1095,1.4971,1.7162,1074.019348,102.1624,694.48,,
CSAN18,COSAN S.A. (*),21/01/2031,"DI + 1,8%",1.413,1.1462,1.2857,0.0456,1.2401,1.3314,1058.810271,101.99,982.97,,
CSAN23,COSAN S.A. (*),15/08/2031,DI + 2%,1.4553,1.188,1.3155,0.0412,1.2742,1.3568,1057.628118,102.6799,993.32,0.1,
CSAN24,COSAN S.A. (*),05/05/2032,"DI + 1,9%",1.5036,1.2265,1.3697,0.0579,1.3118,1.4276,1024.980822,102.2993,1101.25,,
CSANA0,COSAN S.A. (*),28/06/2029,DI + 1%,1.0377,0.7807,0.908,0.0538,0.8542,0.9619,1045.708339,100.2848,786.72,,
CSANB0,COSAN S.A. (*),28/06/2034,"DI + 1,5%",1.6225,1.3171,1.4749,0.0369,1.438,1.5119,1045.992083,100.1235,1257.92,,
CSMGA5,CIA DE SANEAMENTO DE M.GERAIS COPASA MG (*) (**),16/12/2025,"DI + 1,75%",0.8442,0.6555,0.7782,0.0938,0.6844,0.8721,394.023673,100.5354,140.37,,
CSMGA7,CIA DE SANEAMENTO DE M.GERAIS COPASA MG (*),16/12/2029,"DI + 1,3%",0.7791,0.5901,0.6802,0.0374,0.6427,0.7177,1033.694219,101.5129,617.94,,
CSMGA8,CIA DE SANEAMENTO DE M.GERAIS COPASA MG (*),15/09/2030,"DI + 1,2%",--,--,1.0178,0.1209,0.8969,1.1388,1023.49785,100.5274,736.07,,
CSMGA9,CIA DE SANEAMENTO DE M.GERAIS COPASA MG (*),15/07/2034,"DI + 0,9%",0.85,0.5084,0.7095,0.0879,0.6216,0.7975,1016.266564,100.7824,1040.77,,
CSMGB6,CIA DE SANEAMENTO DE M.GERAIS COPASA MG (*),15/09/2026,"DI + 1,3%",0.7714,0.5,0.6393,0.0644,0.5749,0.7038,630.256965,100.5773,221.94,,
CSNAA1,COMPANHIA SIDERÚRGICA NACIONAL (*) (**),10/11/2028,"DI + 1,65%",3.4275,3.0258,3.2094,0.0167,3.1927,3.2262,957.864603,95.7865,710.35,,
CSNAA2,COMPANHIA SIDERÚRGICA NACIONAL (*) (**),20/12/2027,"DI + 2,5%",3.4571,3.0461,3.2383,0.0346,3.2038,3.273,1035.922484,98.4996,530.09,0.15,
CSRNA2,COMPANHIA ENERGÉTICA DO R. G. N. - COSERN (*),15/03/2031,"DI + 0,96%",--,--,1.0189,0.0237,0.9951,1.0427,1015.313893,99.7611,1033.02,,
CTEE19,COMPANHIA DE TRANSMISSÃO DE ENERGIA ELÉTRICA PAULISTA - CTEEP,15/11/2028,"DI + 2,83%",0.5842,0.3512,0.4683,0.0287,0.4396,0.4971,1125.61867,105.5524,590.06,,
CTEEA2,COMPANHIA DE TRANSMISSÃO DE ENERGIA ELÉTRICA PAULISTA - CTEEP (*),15/04/2029,"DI + 1,55%",0.7288,0.2242,0.5003,0.0861,0.4142,0.5865,1038.196478,102.9074,696.85,,
CTNS19,ENERGISA TOCANTINS - DISTRIBUIDORA DE ENERGIA S.A (*) (**),15/02/2025,"DI + 1,4%",0.8524,0.5496,0.7161,0.0461,0.6701,0.7623,1030.35509,100.1774,66,,
CTNS25,ENERGISA TOCANTINS - DISTRIBUIDORA DE ENERGIA S.A (*) (**),10/06/2026,"DI + 1,15%",1.1839,0.9001,1.0458,0.0553,0.9905,1.1012,1051.249007,100.1432,349.99,,
CVCB14,CVC BRASIL OPERADORA E AGENCIA DE VIAGENS S.A. (*),30/10/2028,"DI + 4,5%",6.3933,4.4083,5.3634,0.053,5.3104,5.4166,0.776225,98.1825,560.69,0.35,
DASAA2,DIAGNÓSTICOS DA AMÉRICA S/A (*) (**),25/11/2024,"DI + 1,2%",--,--,4.17,2.7587,1.4113,6.9288,526.585015,99.9082,8,,
DASAA4,DIAGNÓSTICOS DA AMÉRICA S/A (*),20/10/2025,"DI + 2,1%",4.4687,2.939,3.5166,0.2721,3.2446,3.7888,497.451046,98.7669,226.89,0.35,
DASAA5,DIAGNÓSTICOS DA AMÉRICA S/A (*),30/10/2026,"DI + 1,6%",4.7049,3.7642,4.1943,0.1149,4.0794,4.3094,960.053783,95.6458,444.34,,
DASAA6,DIAGNÓSTICOS DA AMÉRICA S/A (*) (**),20/04/2027,"DI + 1,6%",4.88,4.0046,4.432,0.0231,4.4089,4.4553,960.663093,95.3958,430.78,0.05,
DASAA8,DIAGNÓSTICOS DA AMÉRICA S/A (*) (**),20/10/2027,"DI + 1,6%",4.9935,4.1276,4.5644,0.0813,4.4831,4.6458,938.364188,93.1814,616.45,,
DASAB4,DIAGNÓSTICOS DA AMÉRICA S/A (*) (**),20/10/2027,"DI + 2,4%",4.9627,2.7914,4.0715,0.3528,3.7188,4.4244,974.122187,96.6871,523.21,,
DASAB5,DIAGNÓSTICOS DA AMÉRICA S/A (*),30/10/2028,"DI + 1,7%",5.05,4.2024,4.5967,0.1121,4.4846,4.7089,920.024494,91.655,776.67,,
DASAC5,DIAGNÓSTICOS DA AMÉRICA S/A (*),30/10/2031,"DI + 2,05%",5.266,4.4468,4.8115,0.0666,4.7449,4.8782,891.148403,88.7686,1104.68,0.35,
DESK13,DESKTOP S/A (*) (**),17/11/2028,"DI + 2,6%",1.5341,1.2,1.3864,0.0245,1.3619,1.411,1084.491702,101.9114,403.6,,
DESK15,DESKTOP S/A (*) (**),27/11/2028,"DI + 2,3%",1.6001,1.2443,1.403,0.0869,1.3161,1.4899,1083.672478,101.9332,549.24,,
DESK16,DESKTOP S/A (*),17/06/2030,"DI + 1,6%",1.7458,1.35,1.5488,0.0122,1.5366,1.5612,1041.620367,100.1684,841.36,,
EBAS12,EMPRESA BAIANA DE AGUAS E SANEAMENTO SA (*),20/09/2028,"DI + 2,94%",2.1988,1.8021,2.0021,0.0048,1.9973,2.007,1025.759296,101.7805,487.03,,
EBENA2,EDP SÃO PAULO DISTRIBUIÇÃO DE ENERGIA S.A. (*) (**),20/07/2026,"DI + 1,25%",0.6015,0.1923,0.4097,0.0359,0.3738,0.4457,697.114958,100.898,270.6,,
EBENA3,EDP SÃO PAULO DISTRIBUIÇÃO DE ENERGIA S.A. (*) (**),20/12/2026,"DI + 1,38%",0.7771,0.6533,0.7072,0.0057,0.7015,0.713,1053.872157,100.6529,246.82,,
EBENA4,EDP SÃO PAULO DISTRIBUIÇÃO DE ENERGIA S.A. (*) (**),25/05/2027,"DI + 1,2%",0.6993,0.5979,0.6372,0.0174,0.6199,0.6547,1061.872194,100.7337,330.82,0.1,
EBENA5,EDP SÃO PAULO DISTRIBUIÇÃO DE ENERGIA S.A. (*),15/09/2028,"DI + 1,25%",0.6912,0.4408,0.5492,0.0613,0.4879,0.6106,1035.023097,101.6514,595.18,,
EBENA7,EDP SÃO PAULO DISTRIBUIÇÃO DE ENERGIA S.A. (*),20/06/2028,"DI + 0,68%",0.7,0.2358,0.5025,0.0888,0.4138,0.5914,1046.531836,100.4431,631.57,,
ECOS15,EMPRESA CONCESSINÁRIA DE RODOVIAS DO SUL S.A. - ECOSUL (*) (**),15/05/2025,"DI + 2,2%",2.0766,1.6409,1.9898,0.0275,1.9623,2.0174,1064.187073,100.1014,124,,
ECOV15,CONCESSIONÁRIA ECOVIAS DOS IMIGRANTES S/A (*) (**),28/03/2025,DI + 2%,1.3559,0.7277,1.016,0.0451,0.9709,1.0613,1018.182026,100.3584,93,,
ECRD13,ECORIOMINAS CONCESSIONARIA DE RODOVIAS S.A. (*) (**),11/03/2025,"DI + 0,4%",0.55,0.3514,0.4511,0.0033,0.4478,0.4545,1061.368742,99.9838,80,,
EDVP18,ENERGISA SUL-SUDESTE - DISTRIBUICAO DE ENERGIA S.A,22/08/2027,"DI + 1,6%",--,--,1.0233,0.0999,0.9234,1.1233,1038.153003,101.1167,492.01,,
EEEL19,CPFL TRANSMISSAO S.A (*) (**),12/12/2026,"DI + 1,2%",--,--,0.6195,0.0196,0.5999,0.6393,1059.873538,101.0319,449.96,,
EEEL28,CPFL TRANSMISSAO S.A (*),25/05/2029,"DI + 1,47%",1.0059,0.7442,0.8726,0.0182,0.8544,0.891,1074.405404,101.7945,760.54,,
EESG13,ENVIRONMENTAL ESG PARTICIPACOES S.A. (*) (**),25/06/2029,"DI + 2,75%",3.1978,2.5589,2.8694,0.0618,2.8076,2.9313,1046.806023,99.6854,683.47,0.35,
EGIED1,ENGIE BRASIL ENERGIA S.A. (*),15/11/2028,DI + 1%,--,--,0.6852,0.1295,0.5557,0.8148,1065.803973,100.852,685.43,,
EKTR19,ELEKTRO REDES S.A. (*) (**),10/05/2026,"DI + 1,6%",0.9985,0.4096,0.6929,0.2237,0.4692,0.9166,1008.397501,100.8398,235.24,,
EKTR29,ELEKTRO REDES S.A. (*) (**),10/05/2028,"DI + 1,79%",1.2795,0.8423,1.0251,0.1939,0.8312,1.2191,1019.028206,101.9028,630.49,,
EKTRA0,ELEKTRO REDES S.A. (*) (**),15/10/2026,"DI + 1,29%",0.9501,0.5569,0.7549,0.083,0.6719,0.838,1017.955689,100.9206,436.09,,
EKTRA1,ELEKTRO REDES S.A. (*) (**),15/07/2027,"DI + 1,28%",0.85,0.4375,0.7176,0.1573,0.5602,0.875,1051.687228,101.2442,559.99,,
EKTRA3,ELEKTRO REDES S.A. (*),15/04/2031,"DI + 0,98%",0.9638,0.6841,0.8372,0.0746,0.7625,0.9119,1014.416971,100.593,1053.59,,
EKTRB0,ELEKTRO REDES S.A. (*),15/10/2028,"DI + 1,44%",0.8486,0.45,0.6292,0.0435,0.5857,0.6728,1031.554251,102.2574,702.1,,
ELET13,CENTRAIS ELETRICAS BRASILEIRAS S/A ELETROBRAS,15/04/2026,"DI + 1,8%",0.5187,0.2505,0.3759,0.0709,0.305,0.447,1027.969655,101.8748,332.37,,
ELET15,CENTRAIS ELETRICAS BRASILEIRAS S/A ELETROBRAS (*),15/04/2029,"DI + 0,85%",0.7857,0.4472,0.6231,0.0571,0.566,0.6803,1016.127718,100.7724,861.42,,
ELET24,CENTRAIS ELETRICAS BRASILEIRAS S/A ELETROBRAS (*),15/09/2028,"DI + 1,55%",0.8514,0.7217,0.7868,0.0105,0.7763,0.7974,1039.645863,102.0575,681.37,0.1,
ELET25,CENTRAIS ELETRICAS BRASILEIRAS S/A ELETROBRAS (*),15/04/2031,DI + 1%,0.9,0.549,0.7377,0.0644,0.6733,0.8022,1020.098375,101.1549,1114.32,0.05,
ELET32,CENTRAIS ELETRICAS BRASILEIRAS S/A ELETROBRAS (*) (**),25/04/2026,"DI + 1,2%",0.978,0.6091,0.7777,0.0365,0.7412,0.8143,1063.533198,100.5368,322.72,,
ELFA12,ELFA MEDICAMENTOS SA (*),13/12/2028,"DI + 2,8%",31.928,19.7915,27.6429,2.237,25.406,29.88,660.820373,65.4075,474.6,,
ELPLA4,ELETROPAULO METROP. ELETRIC. DE S.P. S/A (*) (**),15/05/2025,"DI + 0,8%",0.8638,0.5084,0.682,0.0769,0.6052,0.759,528.160792,100.0546,117.46,,
ELTN16,CENTRAIS ELETRICAS DO NORTE DO BRASIL S/A - ELETRONORTE (*),15/09/2031,"DI + 0,85%",1.1,0.7461,0.9522,0.0484,0.9039,1.0007,1006.281106,99.5357,1157.18,0.5,
ENAT21,ENAUTA PARTICIPACOES S.A. (*),15/12/2027,"DI + 4,25%",2.0694,1.7824,1.9214,0.0657,1.8557,1.9872,1111.156996,104.7563,520.68,,
ENERC3,ENERGISA MATO GROSSO DO SUL - DISTRIBUIDORA DE ENERGIA S.A.,04/09/2029,"DI + 0,8%",0.9226,0.6,0.7763,0.0371,0.7392,0.8135,1019.648008,100.0848,907.95,0.1,
ENEV38,ENEVA S.A. (*),15/07/2029,"DI + 1,7%",0.9278,0.6386,0.7771,0.0705,0.7067,0.8477,1070.332012,102.8953,791.32,,
ENEV48,ENEVA S.A. (*),15/07/2032,DI + 2%,1.0406,0.75,0.8994,0.0406,0.8588,0.9402,1090.772231,104.7562,1087.3,,
ENEVC0,ENEVA S.A. (*),15/04/2029,DI + 1%,0.8799,0.57,0.7053,0.0868,0.6185,0.7923,1018.543866,101.0007,859.44,0.05,
ENEVD0,ENEVA S.A. (*),15/04/2031,"DI + 1,15%",0.9903,0.7,0.8213,0.0559,0.7654,0.8773,1022.330872,101.3649,1051.24,,
ENGIA3,ENERGISA S/A,25/08/2025,"DI + 2,3%",0.5101,0.2581,0.3448,0.2002,0.1446,0.5451,347.376078,101.4443,187.28,,
ENGIA7,ENERGISA S/A,20/10/2027,"DI + 1,5%",0.6172,0.2333,0.4596,0.0972,0.3624,0.557,1029.059967,102.1937,531.44,,
ENGIA8,ENERGISA S/A,20/06/2026,"DI + 1,6%",0.6342,0.1899,0.4612,0.1156,0.3455,0.5769,1209.263061,101.8099,401,,
ENGIB1,ENERGISA S/A,04/09/2029,"DI + 0,8%",0.8622,0.6,0.7258,0.0194,0.7064,0.7453,1021.491412,100.2657,908.26,0.1,
ENGIB5,ENERGISA S/A,15/10/2026,"DI + 1,64%",1.2661,0.9389,0.9764,0.3952,0.5812,1.3716,1020.40257,101.1369,435.05,,
ENGIB7,ENERGISA S/A,20/10/2029,"DI + 1,65%",0.7082,0.437,0.5553,0.2539,0.3014,0.8094,1044.69239,103.737,856.68,,
ENGIB8,ENERGISA S/A,20/06/2028,"DI + 2,1%",0.7,0.2821,0.5172,0.1193,0.3979,0.6367,1096.483711,104.4231,700.82,0.05,
ENGIC5,ENERGISA S/A,15/10/2028,"DI + 1,8%",0.772,0.5,0.6246,0.0652,0.5595,0.6899,1045.894647,103.6512,780.24,,
ENGIC6,ENERGISA S/A,15/04/2027,"DI + 1,5%",0.65,0.2545,0.449,0.0539,0.3951,0.5031,1031.115085,102.2093,529.52,,
ENGIC9,ENERGISA S/A,15/09/2028,"DI + 1,45%",0.7404,0.4116,0.5588,0.0777,0.4811,0.6365,1046.099172,102.707,764.41,,
ENMTA2,ENERGISA MATO GROSSO - DISTRIBUIDORA DE ENERGIA S.A.,25/08/2025,"DI + 2,3%",0.5136,0.2741,0.3896,0.0957,0.2939,0.4854,347.26086,101.4106,187.28,,
ENMTA8,ENERGISA MATO GROSSO - DISTRIBUIDORA DE ENERGIA S.A.,15/04/2029,"DI + 0,75%",0.85,0.4505,0.6534,0.1423,0.511,0.7958,1011.5778,100.3287,862.35,,
ENMTB0,ENERGISA MATO GROSSO - DISTRIBUIDORA DE ENERGIA S.A.,04/09/2029,"DI + 0,8%",0.9,0.6,0.7467,0.0042,0.7425,0.751,1020.727905,100.1907,908.13,0.1,
EQMA19,EQUATORIAL MARANHAO DISTRIBUIDORA DE ENERGIA S.A (*) (**),15/05/2028,"DI + 1,4%",0.8374,0.5869,0.7033,0.0817,0.6216,0.785,1073.826765,101.4089,512.27,,
EQMAA1,EQUATORIAL MARANHAO DISTRIBUIDORA DE ENERGIA S.A (*),15/05/2030,"DI + 0,95%",1.0623,0.6958,0.8757,0.0215,0.8541,0.8973,1055.909186,100.242,827.52,,
EQPA17,CENTRAIS ELETRICAS DO PARA S.A - CELPA (*),05/08/2030,"DI + 0,95%",1.041,0.7191,0.8819,0.0277,0.8543,0.9097,1031.601779,100.2358,879.8,,
EQTL15,EQUATORIAL ENERGIA S.A (*) (**),15/12/2026,"DI + 1,55%",1.1578,0.8924,0.9743,0.0862,0.8881,1.0606,1057.506672,100.7943,350.95,,
EQTL25,EQUATORIAL ENERGIA S.A (*),15/12/2028,"DI + 1,7%",1.1435,0.8514,0.9997,0.0422,0.9575,1.042,1070.059411,101.9281,697.79,0.1,
ERDVA1,ECORODOVIAS CONCESSÕES E SERVIÇOS S/A (*),22/08/2027,"DI + 1,6%",0.9519,0.7,0.82,0.0576,0.7625,0.8777,1045.166867,101.7999,583.9,,
ERDVA2,ECORODOVIAS CONCESSÕES E SERVIÇOS S/A (*),20/06/2026,"DI + 2,65%",1.2734,0.9524,1.0815,0.1789,0.9026,1.2604,1075.289961,102.1823,353.66,,
ERDVA3,ECORODOVIAS CONCESSÕES E SERVIÇOS S/A (*),15/10/2028,"DI + 1,85%",1.0358,0.8055,0.9139,0.1658,0.7481,1.0799,1035.198889,102.5874,698.5,,
ERDVB3,ECORODOVIAS CONCESSÕES E SERVIÇOS S/A (*),15/10/2030,"DI + 2,35%",1.2894,1.0644,1.1659,0.0499,1.116,1.2159,1052.427617,104.2563,906.85,,
ESCEA2,EDP ESPIRITO SANTO DISTRIBUICAO DE ENERGIA SA (*) (**),25/05/2027,"DI + 1,2%",0.65,0.3583,0.5032,0.0131,0.4901,0.5165,1063.731862,100.9102,331.05,,
ESCEA3,EDP ESPIRITO SANTO DISTRIBUICAO DE ENERGIA SA (*),19/02/2028,"DI + 0,9%",0.9931,0.6902,0.844,0.055,0.789,0.8991,1027.72127,100.1286,583.55,,
ESSDA2,ENERGISA SUL-SUDESTE - DISTRIBUICAO DE ENERGIA S.A,04/09/2029,"DI + 0,8%",0.9,0.6,0.75,0.0002,0.7498,0.7504,1020.607429,100.1789,908.11,0.1,
ESULA4,ENERGISA MATO GROSSO DO SUL - DISTRIBUIDORA DE ENERGIA S.A.,25/08/2025,"DI + 2,3%",0.4839,0.2347,0.3819,0.2508,0.1312,0.6328,347.280656,101.4164,187.28,,
EUFA15,EUROFARMA LABORATÓRIOS S/A (*) (**),15/11/2027,"DI + 1,25%",0.9,0.3286,0.6419,0.269,0.373,0.911,1073.531148,101.4567,605.67,,
EUFA17,EUROFARMA LABORATÓRIOS S/A (*) (**),18/03/2031,"DI + 1,3%",1.3182,0.9997,1.1678,0.0501,1.1176,1.218,1022.476975,100.5005,964.04,,
EUFA18,EUROFARMA LABORATÓRIOS S/A (*) (**),11/09/2028,"DI + 0,93%",0.9997,0.7463,0.8676,0.0214,0.8462,0.889,1020.922146,100.1878,764.54,,
FLCLB1,ENERGISA M.GERAIS DITRIB.DE ENERGIA S/A (*) (**),10/06/2026,"DI + 0,83%",0.5599,0.1872,0.3772,0.0747,0.3025,0.4521,1054.88824,100.629,351.16,,
FLRY15,FLEURY S/A (*) (**),16/12/2024,"DI + 0,9%",0.6034,0.2484,0.3876,0.0481,0.3394,0.4358,1046.855806,100.0465,23,0.05,
FLRY17,FLEURY S/A (*),22/04/2027,"DI + 1,35%",--,--,--,--,--,--,N/D,N/D,N/D,,
FLRY19,FLEURY S/A (*),17/05/2029,"DI + 0,55%",0.6591,0.4888,0.583,0.0186,0.5645,0.6017,1049.448769,99.9,768.4,,
FLRY25,FLEURY S/A (*),16/12/2027,"DI + 1,2%",0.6517,0.4387,0.5522,0.0148,0.5374,0.5671,1059.589313,101.1382,444.78,,
FLRY27,FLEURY S/A (*),22/04/2029,"DI + 1,55%",0.7519,0.3352,0.5506,0.1977,0.3529,0.7484,1040.955397,103.4198,859.18,,
FLRY29,FLEURY S/A (*),17/05/2031,"DI + 0,67%",--,--,0.7124,0.0168,0.6955,0.7293,1049.285356,99.8287,1026.02,,
GGBRA7,GERDAU S/A (*),29/05/2029,"DI + 0,6%",0.697,0.4666,0.5884,0.0159,0.5726,0.6044,1050.713368,100.0387,846.13,0.35,
GRRB14,AGUAS GUARIROBA S/A (*) (**),15/07/2026,"DI + 0,8%",0.9,0.5025,0.7167,0.0336,0.683,0.7504,10380.100607,100.0877,267.33,,
GSHC15,GSH CORP PARTICIPACOES S.A. (*),22/04/2029,"DI + 1,7%",1.4109,1.1042,1.2478,0.1273,1.1205,1.3752,1019.097433,101.2399,697.6,,
GSTS13,AGUAS DE TERESINA SANEAMENTO SPE S.A. (*) (**),30/03/2026,"DI + 2,55%",2.1,1.7015,1.9075,0.0175,1.8901,1.9251,680.305094,100.5183,207.45,,
GUAR15,GUARARAPES CONFECCOES S/A (*) (**),10/05/2027,"DI + 2,45%",1.5826,1.2817,1.4367,0.0297,1.407,1.4664,407.301966,101.3372,337.52,0.35,
GUAR16,GUARARAPES CONFECCOES S/A (*),25/10/2027,"DI + 2,35%",1.6774,1.3584,1.5256,0.0574,1.4682,1.5831,1019.478053,101.3919,431.43,0.35,
HAPV12,HAPVIDA PARTICIPACOES E INVESTIMENTOS S/A (*) (**),30/04/2027,"DI + 1,45%",1.0601,0.9022,0.989,0.0121,0.977,1.0012,1011.740933,100.7999,441.02,,
HAPV13,HAPVIDA PARTICIPACOES E INVESTIMENTOS S/A (*),10/05/2029,"DI + 1,6%",1.2765,1.061,1.1672,0.0312,1.136,1.1985,1013.506196,101.3506,792.78,0.35,
HAPV15,HAPVIDA PARTICIPACOES E INVESTIMENTOS S/A (*),27/01/2030,"DI + 1,75%",1.4453,1.1954,1.3082,0.0281,1.28,1.3364,1062.882169,101.598,919.94,,
HAPV17,HAPVIDA PARTICIPACOES E INVESTIMENTOS S/A (*),10/05/2031,"DI + 1,6%",1.4312,1.2328,1.3269,0.0115,1.3154,1.3385,1010.652524,101.0653,993.24,,
HAPV22,HAPVIDA PARTICIPACOES E INVESTIMENTOS S/A (*),30/04/2029,"DI + 1,65%",1.2782,1.0294,1.1402,0.0236,1.1166,1.1638,1019.618313,101.5784,785.88,0.1,
HBSA12,HIDROVIAS DO BRASIL S.A. (*),20/07/2027,"DI + 2,15%",1.7013,1.3194,1.4989,0.0229,1.476,1.5219,1051.635129,101.1886,466.07,,
HBSA22,HIDROVIAS DO BRASIL S.A. (*),20/07/2029,"DI + 2,4%",1.9203,1.5512,1.7515,0.0692,1.6823,1.8208,1058.772263,101.7963,707.58,,
HSPA12,HOSPITAL ANCHIETA S.A. (*),15/09/2027,"DI + 2,1%",11.9776,6.8553,9.7029,0.4478,9.2551,10.1508,884.444517,86.7476,493.8,,
HYPEA4,HYPERA S/A (*),14/12/2027,"DI + 1,35%",0.8292,0.3419,0.598,0.0996,0.4984,0.6977,1065.539291,101.5981,537.18,,
HYPEA5,HYPERA S/A (*),25/04/2028,"DI + 2,2%",1.2801,0.9823,1.1299,0.0342,1.0957,1.1642,1031.679824,102.612,618.38,,
HYPEA7,HYPERA S/A (*),15/12/2028,"DI + 1,3%",0.9262,0.7059,0.8048,0.0486,0.7562,0.8535,1062.482722,101.3727,702,,
HYPEA8,HYPERA S/A (*),03/05/2029,"DI + 0,85%",0.927,0.7356,0.8231,0.0159,0.8072,0.8391,1003.058719,100.0843,795.77,0.4,
HZTC24,ORIZON MEIO AMBIENTE S.A. (*) (**),15/11/2031,"DI + 3,8%",2.95,2.5501,2.7506,0.0044,2.7462,2.7551,1047.982972,103.3741,828.6,,
IGSN14,IGUA SANEAMENTO S.A (*) (**),15/05/2026,"DI + 3,5%",1.7493,1.2014,1.4986,0.0038,1.4948,1.5025,393.776096,101.4199,182.45,,
IGTAA0,IGUATEMI EMPRESA DE SHOPPING CENTERS S/A,28/09/2025,"DI + 2,15%",0.3231,0.2,0.2588,0.0258,0.233,0.2846,1030.810426,101.5854,212.14,,
IGTAA3,IGUATEMI EMPRESA DE SHOPPING CENTERS S/A (*) (**),20/09/2030,"DI + 0,45%",--,--,0.6293,0.0239,0.6053,0.6533,1006.904994,99.3029,987.73,,
IGTAB0,IGUATEMI EMPRESA DE SHOPPING CENTERS S/A,28/09/2027,"DI + 2,45%",0.5947,0.3447,0.4579,0.0378,0.4201,0.4958,1056.407366,104.0716,513.51,,
IGTAB1,IGUATEMI EMPRESA DE SHOPPING CENTERS S/A (*),24/06/2028,"DI + 1,63%",0.6478,0.4287,0.536,0.0223,0.5137,0.5583,1075.600621,102.7196,626.27,,
INEL12,INSPIRALI EDUCACAO S/A (*),15/05/2029,"DI + 1,65%",1.75,1.3558,1.5748,0.0344,1.5404,1.6093,1058.438432,100.1978,673.19,,
IOCHA2,IOCHPE-MAXION S/A (*),15/09/2028,DI + 2%,1.6001,1.1414,1.3549,0.0962,1.2587,1.4512,1026.865697,101.7503,690.06,,
IOCHA3,IOCHPE-MAXION S/A (*) (**),02/04/2030,"DI + 1,6%",1.4897,1.25,1.3837,0.0643,1.3193,1.4481,1020.311097,100.7088,835.79,,
ITSA13,ITAUSA S/A (*) (**),15/12/2030,"DI + 2,4%",1.9738,1.1717,1.5942,0.0032,1.591,1.5975,1082.416318,102.8108,887.68,0.35,
ITSA16,ITAUSA S/A (*) (**),13/12/2031,"DI + 1,37%",1.0053,0.804,0.9247,0.0999,0.8248,1.0248,1131.641888,101.7566,999.67,,
ITSA17,ITAUSA S/A (*),25/07/2034,"DI + 0,88%",0.9286,0.6877,0.7987,0.056,0.7427,0.8547,1034.77127,100.4332,1352.02,,
ITSA24,ITAUSA S/A (*),15/06/2031,DI + 2%,1.3885,1,1.1673,0.0927,1.0746,1.2601,1084.133751,103.142,955.36,0.35,
JHSFA1,JHSF PARTICIPAÇÕES S/A,21/01/2027,"DI + 2,75%",2.1997,1.817,2.0179,0.0817,1.9362,2.0997,1015.44398,100.7681,270.01,,
JHSFA3,JHSF PARTICIPAÇÕES S/A (*),20/12/2027,"DI + 2,2%",2.5,1.9877,2.2907,0.2371,2.0536,2.5279,1005.763329,99.8393,456.8,,
JSLGA5,JSL S/A (*),20/10/2028,"DI + 2,7%",2.7,2.3756,2.5242,0.033,2.4912,2.5573,1011.83423,100.4128,606.11,,
JSMLA5,SIMPAR S.A. (*),15/01/2031,"DI + 3,5%",4.4482,3.1983,3.8075,0.388,3.4195,4.1955,1035.660787,98.9748,874.02,0.15,
JSMLB3,SIMPAR S.A. (*),20/05/2026,"DI + 2,2%",1.79,1.057,1.4139,0.1134,1.3005,1.5274,1068.979244,100.6967,226.86,,
KLAS12,KALLAS INCORPORAÇÕES E CONSTRUÇÕES S/A (*) (**),16/08/2026,"DI + 2,8%",2.8531,2.0017,2.4444,0.0195,2.425,2.464,827.838189,100.3209,233.1,,
KRSA11,KORA SAUDE PARTICIPACOES S.A. (*),03/05/2027,"DI + 1,95%",13.7204,9.8123,13.3705,0.7266,12.6438,14.0972,834.451199,83.2428,430.32,,
LCAMB2,COMPANHIA DE LOCAÇÃO DAS AMÉRICAS (*),20/05/2028,DI + 2%,1.7419,1.4288,1.5878,0.0505,1.5373,1.6383,1070.792741,100.9648,598.11,,
LCAMB4,COMPANHIA DE LOCAÇÃO DAS AMÉRICAS (*) (**),10/05/2027,"DI + 1,85%",1.5614,1.2929,1.4279,0.052,1.3759,1.48,1008.989119,100.8989,543.21,0.35,
LCAMC2,COMPANHIA DE LOCAÇÃO DAS AMÉRICAS (*),20/05/2031,"DI + 2,4%",1.9169,1.6415,1.7561,0.0593,1.6968,1.8155,1087.447016,102.3379,926.53,0.4,
LCAMC3,COMPANHIA DE LOCAÇÃO DAS AMÉRICAS (*) (**),15/04/2027,"DI + 1,85%",1.5914,1.4088,1.4828,0.0563,1.4265,1.5392,1016.740294,100.7582,527.18,,
LCAMD2,COMPANHIA DE LOCAÇÃO DAS AMÉRICAS (*),10/11/2026,"DI + 1,75%",1.556,1.3722,1.4574,0.0388,1.4186,1.4963,1005.170107,100.517,451.31,,
LMTI15,LM TRANSPORTES INTERESTADUAIS SERVIÇOS E COMÉRCIOS S.A.,28/05/2025,"DI + 2,6%",1.5219,1.1942,1.3805,0.0676,1.3129,1.4483,533.401751,100.5968,125.42,,
LMTP16,LM TRANSPORTES INTERESTADUAIS SERVIÇOS E COMÉRCIOS S.A. (*) (**),25/09/2025,"DI + 1,49%",1.5697,1.2228,1.4147,0.0435,1.3712,1.4583,1015.971297,100.062,210.42,,
LMTP17,LM TRANSPORTES INTERESTADUAIS SERVIÇOS E COMÉRCIOS S.A. (*),25/05/2026,"DI + 2,4%",1.732,1.5359,1.6183,0.0413,1.577,1.6597,1070.901164,101.0263,335.95,,
LMTP18,LM TRANSPORTES INTERESTADUAIS SERVIÇOS E COMÉRCIOS S.A. (*),10/12/2026,"DI + 1,93%",1.6733,1.3055,1.4995,0.0364,1.4632,1.536,1061.155193,100.7485,444.2,,
LMTP26,LM TRANSPORTES INTERESTADUAIS SERVIÇOS E COMÉRCIOS S.A. (*) (**),25/09/2027,"DI + 1,7%",1.7789,1.4029,1.6077,0.0749,1.5329,1.6827,1017.832252,100.2181,604.85,0.4,
LOGGB1,LOG COMMERCIAL PROPERTIES E PARTICIPAÇÕES S/A (*),11/07/2027,"DI + 1,65%",1.5934,1.0536,1.3376,0.0728,1.2649,1.4105,1046.890685,100.5664,462.65,,
LORTA8,LOCALIZA RENT A CAR (*),05/10/2026,"DI + 1,75%",1.5,1.1498,1.3389,0.0445,1.2943,1.3835,1018.84635,100.6898,427.97,,
LORTA9,LOCALIZA RENT A CAR (*) (**),25/02/2027,"DI + 1,6%",1.525,1.2615,1.369,0.0247,1.3443,1.3938,1030.351494,100.4483,495.35,0.35,
LORTB1,LOCALIZA RENT A CAR (*),15/07/2027,"DI + 1,6%",1.5252,1.2464,1.3844,0.0642,1.3203,1.4487,1044.763206,100.4706,557.15,,
LORTB2,LOCALIZA RENT A CAR (*),05/12/2028,"DI + 1,87%",1.6985,1.4789,1.592,0.0548,1.5371,1.6469,1063.211687,100.8286,761.63,0.1,
LORTB9,LOCALIZA RENT A CAR (*),25/02/2029,DI + 2%,1.7982,1.5284,1.609,0.0592,1.5498,1.6682,1039.409708,101.2446,812.49,0.45,
LRENB1,LOJAS RENNER S/A (*) (**),18/02/2025,"DI + 1,6%",0.9316,0.5767,0.7087,0.0623,0.6465,0.7711,515.251654,100.2345,67,,
LVTC12,LIVETECH DA BAHIA INDUSTRIA E COMERCIO S/A (*) (**),15/06/2027,"DI + 2,3%",8.8808,4.5438,6.3313,0.1559,6.1754,6.4873,998.866978,94.9137,337.67,,
MATD11,HOSPITAL MATER DEI S.A. (*),03/11/2028,"DI + 1,6%",1.1563,0.7657,0.9542,0.0156,0.9387,0.9699,1020.568512,101.8164,712.3,0.45,
MATD12,HOSPITAL MATER DEI S.A. (*),15/05/2031,"DI + 0,95%",1.2566,0.9735,1.1098,0.0219,1.0879,1.1318,1043.498745,99.3626,1017.9,,
MEAL14,INTERNATIONAL MEAL COMPANY ALIMENTAÇÃO S.A. (*),11/10/2028,"DI + 4,2%",--,--,4.1434,0.2693,3.8741,4.4127,1013.05483,100.1073,497.51,,
MGLUA0,MAGAZINE LUIZA S/A (*),15/10/2026,"DI + 1,25%",4.8255,4.0749,4.4754,0.1059,4.3695,4.5814,968.164899,95.9872,328.04,0.35,
MILS26,MILLS ESTR. E SERVIÇOS DE ENGENHARIA S/A (*),18/03/2027,"DI + 2,95%",1.4486,1.0928,1.2769,0.0466,1.2303,1.3236,798.53902,101.7879,273.55,,
MNLT11,MNLT S.A.,15/10/2026,"DI + 1,75%",1.0521,0.7,0.8785,0.0599,0.8186,0.9386,1024.095152,101.4946,434.8,0.1,
MNRVA1,MINERVA S/A (*) (**),15/10/2026,"DI + 1,6%",1.7174,1.4282,1.5733,0.2161,1.3572,1.7895,1009.360054,100.0454,434.89,0.05,
MOVI17,MOVIDA PARTICIPACOES S/A (*),15/09/2026,"DI + 2,7%",3.4313,2.9822,3.0966,0.2352,2.8614,3.3319,1015.738271,99.5325,306.24,0.35,
MOVI19,MOVIDA PARTICIPACOES S/A (*) (**),15/09/2027,"DI + 2,95%",3.3996,2.3498,2.8327,0.3584,2.4743,3.1911,1023.212937,100.2263,499.64,,
MOVI27,MOVIDA PARTICIPACOES S/A (*) (**),15/09/2029,"DI + 2,9%",4.2227,3.4819,3.734,0.4181,3.3159,4.1522,997.091625,97.6751,732.49,,
MOVI34,MOVIDA PARTICIPACOES S/A (*) (**),27/07/2027,"DI + 2,05%",3.1927,1.565,2.4386,0.1612,2.2774,2.6,1030.74906,99.4447,368.87,,
MOVIA2,MOVIDA PARTICIPACOES S/A (*),15/10/2026,"DI + 2,1%",3.2651,1.7091,2.5056,0.2024,2.3031,2.7081,1004.073374,99.4845,328.34,,
MOVIA3,MOVIDA PARTICIPACOES S/A (*),05/03/2027,"DI + 2,5%",3.4838,2.888,3.1563,0.242,2.9143,3.3983,1010.908838,98.7502,496.26,0.35,
MRFGA1,MARFRIG GLOBAL FOODS S.A. (*) (**),11/11/2027,"DI + 1,55%",1.2389,0.9021,1.1117,0.1012,1.0105,1.213,1009.389774,100.939,544.79,,
MRSL1A,MRS LOGÍSTICA S/A (*) (**),15/08/2026,"DI + 1,3%",0.9095,0.7354,0.8059,0.0328,0.7731,0.8388,10362.131617,100.7714,396.15,,
MRVEA8,MRV ENGENHARIA E PARTICIPAÇÃO S/A (*) (**),24/08/2025,"DI + 2,4%",1.9707,1.5789,1.767,0.0486,1.7184,1.8157,1032.253336,100.4616,187.18,0.15,
MRVEB2,MRV ENGENHARIA E PARTICIPAÇÃO S/A (*) (**),05/07/2025,"DI + 1,7%",1.988,1.529,1.758,0.0216,1.7363,1.7797,5213.628911,99.9654,152.77,,
MTRO12,COMPANHIA DO METROPOLITANO DE SAO PAULO,25/04/2027,"DI + 4,5%",0.7742,0.4798,0.6251,0.0353,0.5898,0.6605,749.095207,104.2069,277.19,,
MULPA0,MULTIPLAN EMPREENDIMENTOS IMOBILIÁRIOS S/A (*) (**),15/10/2028,"DI + 1,3%",0.7691,0.5297,0.6612,0.0676,0.5936,0.7288,1024.334119,101.5522,614.41,,
MULPB1,MULTIPLAN EMPREENDIMENTOS IMOBILIÁRIOS S/A (*) (**),10/01/2028,"DI + 1,2%",0.7646,0.6221,0.6899,0.0004,0.6896,0.6904,1051.491315,101.1187,555.28,,
MVLV19,MOVIDA LOCACAO DE VEICULOS S.A. (*),05/04/2027,"DI + 2,95%",3.4211,2.9449,3.215,0.267,2.948,3.482,1008.725838,99.5737,418.64,,
MVLVA1,MOVIDA LOCACAO DE VEICULOS S.A. (*),22/12/2027,"DI + 2,9%",3.4945,3.0207,3.2365,0.112,3.1246,3.3486,1046.342157,99.4342,437.61,,
MVLVA3,MOVIDA LOCACAO DE VEICULOS S.A. (*),10/08/2027,"DI + 2,5%",--,--,2.9413,0.0337,2.9076,2.9751,1016.27775,99.0314,570.56,,
NATUA3,NATURA COSMÉTICOS S/A (*),15/06/2029,"DI + 1,2%",0.9727,0.65,0.8259,0.0359,0.7899,0.8619,1054.353919,101.2603,853.3,0.35,
NIGP12,NOVA TRANSPORTE DO SUDESTE S.A. - NTS (*),24/03/2032,"DI + 1,9%",1.2709,1.0381,1.1617,0.0298,1.132,1.1916,1048.312308,103.1436,1077.23,,
NTSD15,NOVA TRANSPORTE DO SUDESTE S.A. - NTS (*) (**),13/09/2027,"DI + 1,3%",--,--,0.8736,0.1302,0.7433,1.0039,1027.420252,100.852,507.13,,
NTSD16,NOVA TRANSPORTE DO SUDESTE S.A. - NTS (*),15/02/2029,"DI + 1,2%",0.875,0.6071,0.739,0.0681,0.6708,0.8072,1043.367383,101.4918,818.39,,
NTSD25,NOVA TRANSPORTE DO SUDESTE S.A. - NTS  (*),13/09/2029,"DI + 1,6%",1.1,0.5173,0.8253,0.1005,0.7248,0.9259,1047.467622,102.7704,902.13,,
NTSD26,NOVA TRANSPORTE DO SUDESTE S.A. - NTS (*),15/02/2031,"DI + 1,4%",1.15,0.7023,0.8948,0.0785,0.8163,0.9735,1049.267422,102.0162,1009.64,0.15,
NTSD35,NOVA TRANSPORTE DO SUDESTE S.A. - NTS (*),13/09/2032,"DI + 1,85%",1.24,0.7331,0.9896,0.1396,0.85,1.1293,1057.958846,103.7583,1101.64,,
NTSD36,NOVA TRANSPORTE DO SUDESTE S.A. - NTS (*),15/02/2034,"DI + 1,7%",1.2684,1.0303,1.166,0.0562,1.1098,1.2223,1056.403563,102.6354,1251,0.15,
OCNP13,OCEANPACT SERVICOS MARITIMOS S.A. (*),08/11/2026,DI + 5%,2.7129,2.0968,2.403,0.0835,2.3195,2.4866,482.945087,102.5628,255.62,,
OGDS11,OMEGA DESENVOLVIMENTO S.A. (*) (**),15/06/2025,"DI + 2,7%",2.1649,1.8528,2.0103,0.0311,1.9792,2.0415,1058.011954,100.3704,138.29,,
OMGE13,OMEGA GERAÇÃO S/A (*),15/03/2029,"DI + 1,99%",1.1521,0.805,0.9899,0.031,0.9589,1.021,882.690692,102.4739,627.34,,
OMGE21,OMEGA GERAÇÃO S/A (*) (**),15/05/2026,"DI + 1,3%",0.8275,0.5631,0.6913,0.041,0.6502,0.7324,1064.648257,100.5922,247.07,,
ONCO19,ONCOCLINICAS DO BRASIL SERVICOS MEDICOS S.A. (*) (**),25/11/2027,"DI + 1,62%",2.6141,2.4187,2.531,0.0369,2.4941,2.5679,1033.758313,97.8751,605.36,,
ONCO29,ONCOCLINICAS DO BRASIL SERVICOS MEDICOS S.A. (*) (**),25/11/2029,"DI + 1,8%",--,2.061,2.2049,0.0503,2.1546,2.2553,1043.532575,98.718,817.8,,
ONCOA1,ONCOCLINICAS DO BRASIL SERVICOS MEDICOS S.A. (*) (**),10/04/2029,"DI + 1,4%",2.8087,2.5142,2.6111,0.201,2.41,2.8122,970.677209,96.0937,842.81,,
OPCT15,OCEANPACT SERVICOS MARITIMOS S.A. (*),10/07/2029,"DI + 2,95%",2.6892,2.2257,2.4594,0.0345,2.4248,2.494,1010.186848,101.0187,535.57,,
ORMA15,ORIZON MEIO AMBIENTE S.A. (*),15/11/2028,"DI + 2,4%",1.5712,1.2215,1.4108,0.0241,1.3867,1.4349,1030.037253,102.0345,524.12,,
OVSA10,UNIDAS LOCACOES E SERVICOS S.A. (*) (**),20/06/2026,"DI + 2,4%",2.2242,1.9289,2.0678,0.1012,1.9667,2.1691,1054.649908,100.3199,247.8,0.05,
OVSA1A,UNIDAS LOCACOES E SERVICOS S.A. (*) (**),24/05/2027,"DI + 2,45%",2.5,2.0291,2.2178,0.0248,2.193,2.2428,1064.859348,100.3841,425.96,0.35,
OVSAA3,UNIDAS LOCACOES E SERVICOS S.A. (*),15/07/2028,"DI + 2,4%",2.6425,2.2451,2.4402,0.04,2.4001,2.4803,1041.534044,99.8955,671.37,,
OVSAA8,UNIDAS LOCACOES E SERVICOS S.A. (*),10/06/2029,"DI + 2,7%",--,--,2.5487,0.0335,2.5152,2.5823,1058.222876,100.4405,751.64,0.35,
PALFA2,COMPANHIA PAULISTA DE FORÇA E LUZ (*) (**),12/12/2026,"DI + 1,2%",0.8464,0.6558,0.7472,0.0196,0.7276,0.7669,1057.47624,100.8034,449.85,,
PALFA4,COMPANHIA PAULISTA DE FORÇA E LUZ (*),05/09/2027,"DI + 0,55%",0.6608,0.3927,0.543,0.0501,0.4928,0.5932,874.397492,100.0088,317.77,,
PALFA5,COMPANHIA PAULISTA DE FORÇA E LUZ (*),10/09/2029,"DI + 0,49%",--,--,0.5941,0.0751,0.519,0.6693,1011.844424,99.6589,831.33,,
PASS11,COMPASS GAS E ENERGIA S.A (*) (**),27/11/2024,"DI + 1,45%",1.15,0.8663,0.9782,0.0413,0.9369,1.0196,1053.056761,100.6375,10,,
PASS12,COMPASS GAS E ENERGIA S.A (*),01/11/2030,"DI + 1,55%",1.0847,0.8075,0.9473,0.0235,0.9238,0.9709,1026.6443,102.3762,996.66,,
PASS13,COMPASS GAS E ENERGIA S.A (*),15/03/2029,"DI + 1,08%",0.9399,0.7409,0.8602,0.023,0.8372,0.8832,1025.330461,100.7263,838.29,0.1,
PEJA21,PETRO RIO JAGUAR PETROLEO S.A. (*),15/08/2027,"DI + 2,05%",1.2,0.8058,1.0256,0.0745,0.9512,1.1002,1054.161514,102.331,576.35,,
PLSB2A,AUTOPISTA LITORAL SUL S/A. (*),15/10/2028,"DI + 1,55%",1.6598,1.3604,1.4983,0.0816,1.4166,1.58,1010.016507,100.1141,564.62,0.1,
PRLG16,PROLAGOS S/A - C.S.PUBL. DE ÁGUA E ESGOTO (*),02/10/2028,"DI + 2,58%",2.2,1.8,2.0013,0.0038,1.9975,2.0051,1031.64749,101.7192,760.33,,
QUAL16,QUALICORP S/A (*) (**),03/06/2027,"DI + 1,85%",4.0486,3.5418,3.7588,0.4214,3.3373,4.1803,772.410645,97.5855,330.13,0.1,
RADL15,RAIA DROGASIL S/A (*),25/01/2029,"DI + 1,49%",0.7238,0.4361,0.593,0.0368,0.5561,0.6299,1062.564562,102.5896,727.42,,
RADL19,RAIA DROGASIL S/A (*),22/04/2031,"DI + 0,65%",--,--,0.6775,0.0206,0.6569,0.6983,1004.875996,99.8847,1064.3,,
RDCO10,RODOVIAS DAS COLINAS S/A (*) (**),15/12/2026,"DI + 2,5%",1.4515,1.0515,1.2594,0.0226,1.2368,1.2821,1065.54327,101.167,241.05,0.1,
RDCO19,RODOVIAS DAS COLINAS S/A (*) (**),15/06/2025,"DI + 1,5%",1.27,0.9447,1.1019,0.0546,1.0473,1.1565,5256.166325,100.2169,138.97,,
RDORA5,REDE DOR SÃO LUIZ S/A (*),15/10/2032,DI + 2%,1.5216,1.2282,1.3962,0.0686,1.3276,1.4649,1038.954881,102.9482,1239.02,,
RDORB3,REDE DOR SÃO LUIZ S/A (*) (**),15/05/2032,"DI + 1,9%",1.5259,1.2338,1.3847,0.0327,1.3521,1.4175,1083.977187,102.1141,1043.58,,
RDORB5,REDE DOR SÃO LUIZ S/A (*),15/10/2032,"DI + 1,95%",1.5,0.9515,1.2314,0.1917,1.0397,1.4232,1043.417518,103.3942,1195.18,0.1,
RDORB7,REDE DOR SÃO LUIZ S/A (*) (**),13/01/2025,"DI + 1,25%",0.8704,0.5158,0.772,0.0366,0.7354,0.8087,1049.901657,100.3258,36.25,,
RDORB9,REDE DOR SÃO LUIZ S/A (*),20/08/2031,"DI + 1,9%",1.4186,1.165,1.2912,0.0218,1.2694,1.3132,1052.942436,102.3931,997.7,0.1,
RDORC1,REDE DOR SÃO LUIZ S/A (*),05/10/2031,DI + 2%,1.5517,1.2059,1.3736,0.0364,1.3372,1.4101,1037.743231,102.5323,1026.33,,
RDORC3,REDE DOR SÃO LUIZ S/A (*) (**),15/05/2032,"DI + 1,9%",1.5017,1.3033,1.4104,0.0137,1.3967,1.4242,1082.840216,102.007,1043.21,,
RDORC4,REDE DOR SÃO LUIZ S/A (*),15/09/2027,"DI + 0,65%",0.7938,0.592,0.6731,0.0141,0.659,0.6873,1008.490345,99.9445,609.17,0.05,
RDORC7,REDE DOR SÃO LUIZ S/A (*),20/06/2029,"DI + 0,79%",0.9488,0.6629,0.8055,0.0561,0.7494,0.8616,1044.11594,99.957,704.54,,
RDORC9,REDE DOR SÃO LUIZ S/A (*),20/08/2031,"DI + 1,9%",1.4204,1.1893,1.3026,0.001,1.3016,1.3036,1052.473414,102.3475,997.58,0.45,
RDORD3,REDE DOR SÃO LUIZ S/A (*),05/05/2034,"DI + 1,7%",1.5748,1.2512,1.4183,0.0307,1.3876,1.4492,1017.186281,101.5246,1378.47,0.1,
RDORD4,REDE DOR SÃO LUIZ S/A (*),15/09/2031,"DI + 1,1%",1.4763,1.156,1.2957,0.0966,1.1992,1.3924,1000.546224,99.1204,1149.92,,
RDORD9,REDE DOR SÃO LUIZ S/A (*),25/07/2031,"DI + 2,25%",1.493,1.2043,1.3517,0.0346,1.3171,1.3864,1074.013805,103.4589,975.76,,
RDORE4,REDE DOR SÃO LUIZ S/A (*),15/09/2034,"DI + 1,3%",1.6344,1.2501,1.4551,0.0131,1.4419,1.4683,1001.02441,99.1514,1401.33,,
RENTA5,LOCALIZA RENT A CAR (*),11/08/2033,"DI + 2,35%",2.045,1.7649,1.9434,0.0515,1.8918,1.995,1051.704182,101.8705,1177.13,0.5,
RENTC4,LOCALIZA RENT A CAR (*),25/11/2028,"DI + 1,85%",1.7101,1.5341,1.5676,0.0746,1.4931,1.6423,1066.169514,100.8361,756.33,0.5,
RENTC8,LOCALIZA RENT A CAR (*),27/02/2029,"DI + 1,85%",1.7912,1.5522,1.696,0.0883,1.6078,1.7844,1030.852597,100.4901,814.51,,
RENTD9,LOCALIZA RENT A CAR (*),16/04/2030,"DI + 1,85%",1.8552,1.4421,1.7753,0.0522,1.7231,1.8275,1011.479042,100.2844,975.65,,
RENTE9,LOCALIZA RENT A CAR (*),16/04/2034,"DI + 2,15%",2.1874,1.8601,2.062,0.0504,2.0116,2.1125,1013.182653,100.4322,1261.92,,
RIGEA4,RGE SUL DISTRIBUIDORA DE ENERGIA S/A (*) (**),12/12/2026,"DI + 1,2%",0.8528,0.6342,0.7482,0.0048,0.7434,0.7531,1057.457503,100.8016,449.85,,
RIPR13,RIO PARANA ENERGIA S/A (*) (**),27/06/2027,"DI + 1,29%",--,--,0.9269,0.0211,0.9057,0.9481,1051.130892,100.6502,454.98,,
RNDN19,RANDON S.A. IMPLEMENTOS E PARTICIPACOES (*) (**),03/02/2027,"DI + 1,54%",1.0616,0.8975,0.9781,0.0337,0.9444,1.012,1043.638612,101.0673,482.37,,
RNDN29,RANDON S.A. IMPLEMENTOS E PARTICIPACOES (*),03/02/2029,"DI + 1,69%",1.0608,0.6353,0.8796,0.069,0.8105,0.9487,1057.253258,102.3438,731.2,,
RNDNA0,RANDON S.A. IMPLEMENTOS E PARTICIPACOES (*),09/11/2027,"DI + 1,5%",1.0539,0.7442,0.9062,0.0423,0.8639,0.9486,1014.899295,101.4899,635.65,,
RNDNA1,RANDON S.A. IMPLEMENTOS E PARTICIPACOES (*),17/05/2031,"DI + 1,17%",1.1672,1,1.0838,0.0127,1.071,1.0966,1059.193569,100.3615,1067.42,,
RNDNB0,RANDON S.A. IMPLEMENTOS E PARTICIPACOES (*),09/11/2029,"DI + 1,69%",1.1,0.6506,0.87,0.0829,0.7871,0.953,1028.196758,102.8197,867.58,,
RODB11,RODOVIAS DO BRASIL HOLDING S.A. (*),10/05/2030,"DI + 4,25%",2.6499,2.3235,2.4865,0.0952,2.3913,2.5818,1519.666196,105.809,840.7,0.35,
RRRP14,3R PETROLEUM OLEO E GAS S.A. (*),08/02/2029,DI + 3%,2.7009,2.4033,2.52,0.1534,2.3665,2.6735,1047.424338,101.1872,637.5,,
RSAN15,COMPANHIA RIOGRANDENSE DE SANEAMENTO - CORSAN (*),05/12/2026,"DI + 2,5%",1.7579,1.34,1.6042,0.1115,1.4927,1.7158,1073.667709,101.5391,438.89,,
RSAN24,COMPANHIA RIOGRANDENSE DE SANEAMENTO - CORSAN (*) (**),15/02/2026,"DI + 2,25%",1.9946,1.6002,1.8227,0.0314,1.7913,1.8542,516.862651,100.2988,179.67,0.05,
RSAN25,COMPANHIA RIOGRANDENSE DE SANEAMENTO - CORSAN (*),05/12/2028,"DI + 2,9%",2.2968,2.0342,2.1266,0.1605,1.9661,2.2872,1083.195203,102.2614,748.8,,
SAEL18,ENERGISA PARAIBA - DISTR.DE ENERGIA S/A,25/08/2025,"DI + 2,3%",--,--,0.5806,0.2161,0.3645,0.7968,346.770653,101.2675,187.27,,
SAEL26,ENERGISA PARAIBA - DISTR.DE ENERGIA S/A (*) (**),10/06/2026,"DI + 0,83%",0.6643,0.2395,0.4476,0.0522,0.3953,0.4999,1053.858151,100.5307,351.13,,
SAELA4,ENERGISA PARAIBA - DISTR.DE ENERGIA S/A,04/09/2029,"DI + 0,8%",0.9,0.6278,0.7746,0.0162,0.7584,0.7909,1019.709982,100.0908,907.96,,
SAPRA1,COMPANHIA DE SANEAMENTO DO PARANA - SANEPAR (*) (**),15/03/2026,"DI + 1,65%",--,--,1.4753,0.0187,1.4567,1.4941,1020.223611,100.1352,198.02,,
SAPRB4,COMPANHIA DE SANEAMENTO DO PARANA - SANEPAR (*),15/01/2030,"DI + 1,05%",1.0188,0.8051,0.902,0.0412,0.8609,0.9433,1043.615446,100.5442,933.66,,
SAPRC1,COMPANHIA DE SANEAMENTO DO PARANA - SANEPAR (*),15/04/2028,"DI + 1,9%",--,--,0.9224,0.0685,0.8539,0.9909,1036.50064,102.7126,700.87,,
SBFC12,SBF COMERCIO DE PRODUTOS ESPORTIVOS S.A.,25/05/2025,"DI + 2,31%",0.8717,0.1384,0.5186,0.0418,0.4768,0.5605,356.268511,100.8705,123.67,,
SBFC13,SBF COMERCIO DE PRODUTOS ESPORTIVOS S.A.,29/04/2027,"DI + 2,1%",1.1294,0.8,0.9616,0.0416,0.92,1.0033,1019.267948,101.4801,331.07,,
SBSPA1,CIA. DE SANEAMENTO BÁSICO DO ESTADO DE SP - SABESP (*),20/02/2029,"DI + 0,49%",0.6656,0.339,0.5038,0.0857,0.4181,0.5896,1024.520599,99.9548,829.94,,
SBSPB1,CIA. DE SANEAMENTO BÁSICO DO ESTADO DE SP - SABESP (*),20/02/2031,"DI + 1,1%",0.8617,0.6677,0.7557,0.004,0.7517,0.7598,1040.659318,101.3856,1018.22,,
SBSPB7,CIA. DE SANEAMENTO BÁSICO DO ESTADO DE SP - SABESP (*) (**),15/12/2025,"DI + 1,8%",1.0398,0.3846,0.7254,0.1398,0.5855,0.8653,1056.348799,100.5809,137.85,,
SBSPC1,CIA. DE SANEAMENTO BÁSICO DO ESTADO DE SP - SABESP (*),20/02/2034,"DI + 1,31%",1.0392,0.6938,0.8703,0.0498,0.8205,0.9202,1049.572403,102.2042,1268.04,0.1,
SBSPC3,CIA. DE SANEAMENTO BÁSICO DO ESTADO DE SP - SABESP,10/05/2027,"DI + 0,63%",0.5775,0.3458,0.4491,0.0002,0.4489,0.4494,1002.431248,100.2431,340.23,0.35,
SBSPC7,CIA. DE SANEAMENTO BÁSICO DO ESTADO DE SP - SABESP (*),15/12/2027,"DI + 2,25%",1.2635,0.8445,1.0569,0.0323,1.0246,1.0893,1078.53974,102.5052,532.41,,
SBSPD2,CIA. DE SANEAMENTO BÁSICO DO ESTADO DE SP - SABESP (*) (**),10/09/2026,"DI + 0,3%",0.4961,0.2513,0.3656,0.0289,0.3368,0.3946,1017.234613,99.8922,415.68,0.35,
SBSPD9,CIA. DE SANEAMENTO BÁSICO DO ESTADO DE SP - SABESP (*) (**),15/12/2026,"DI + 1,29%",0.6751,0.3842,0.4632,0.1509,0.3123,0.6143,1060.109722,101.1504,352.05,,
SBSPE8,CIA. DE SANEAMENTO BÁSICO DO ESTADO DE SP - SABESP (*) (**),15/07/2026,"DI + 1,44%",0.8496,0.3293,0.5514,0.0035,0.5479,0.5551,1049.027478,100.9344,266.67,,
SBSPF8,CIA. DE SANEAMENTO BÁSICO DO ESTADO DE SP - SABESP (*),15/07/2028,"DI + 1,6%",1,0.6663,0.834,0.0066,0.8274,0.8407,1060.010522,101.9369,639.84,,
SBSPG0,CIA. DE SANEAMENTO BÁSICO DO ESTADO DE SP - SABESP (*) (**),15/03/2027,"DI + 1,3%",0.7,0.5475,0.6242,0.0074,0.6169,0.6317,769.871689,100.806,302.74,,
SBSPH0,CIA. DE SANEAMENTO BÁSICO DO ESTADO DE SP - SABESP (*),15/03/2029,"DI + 1,58%",1,0.6775,0.8384,0.0085,0.8299,0.847,1041.399582,102.2248,758.17,,
SIMH14,SIMPAR S.A. (*) (**),15/07/2025,"DI + 2,4%",3.6034,3.1066,3.3892,0.2223,3.1669,3.6116,1036.345702,99.3979,158.29,0.15,
SIMH16,SIMPAR S.A. (*),20/12/2029,"DI + 3,2%",5.6859,4.8788,5.4347,0.8612,4.5735,6.296,979.954503,92.9216,854.55,0.1,
SMFT18,SMARTFIT ESCOLA DE GINASTICA E DANCA S/A (*),20/10/2030,"DI + 1,95%",1.2505,0.9675,1.0961,0.1421,0.954,1.2384,1040.682073,103.3206,982.28,0.1,
SMFT19,SMARTFIT ESCOLA DE GINASTICA E DANCA S/A (*),05/04/2029,"DI + 1,32%",1.0196,0.6843,0.8438,0.0596,0.7843,0.9035,1026.167965,101.456,774.1,,
SMFT29,SMARTFIT ESCOLA DE GINASTICA E DANCA S/A (*),05/04/2031,"DI + 1,52%",1.2895,0.9429,1.139,0.0889,1.0501,1.228,1027.390424,101.557,1037.37,0.35,
SNGO10,SANEAMENTO DE GOIÁS - SANEAGO,15/06/2027,"DI + 1,55%",0.5881,0.2863,0.4259,0.1144,0.3115,0.5404,908.292527,101.285,289.85,,
SNGO18,SANEAMENTO DE GOIÁS - SANEAGO,27/11/2025,"DI + 2,45%",0.5,0.11,0.3188,0.0279,0.2909,0.3468,366.83132,101.0776,128.74,,
SNGO19,SANEAMENTO DE GOIÁS - SANEAGO,11/08/2026,"DI + 1,9%",0.5178,0.11,0.3178,0.0336,0.2842,0.3514,591.070907,101.3265,212.69,,
SNGOA1,SANEAMENTO DE GOIÁS - SANEAGO,23/08/2028,"DI + 2,25%",0.6925,0.3282,0.5079,0.04,0.4679,0.5481,1040.319123,103.3678,487.73,,
SNGOA2,SANEAMENTO DE GOIÁS - SANEAGO,15/07/2029,"DI + 0,8%",--,--,0.5829,0.0538,0.5291,0.6368,1013.904686,100.5557,648.12,,
STBP24,SANTOS BRASIL PARTICIPAÇÕES S/A,25/03/2026,DI + 1%,0.65,0.2551,0.4703,0.0816,0.3887,0.552,1019.049212,100.4288,205.2,,
STBP25,SANTOS BRASIL PARTICIPAÇÕES S/A (*),15/08/2031,"DI + 0,7%",0.85,0.4561,0.6728,0.0428,0.63,0.7157,1021.944171,100.1165,1086.33,,
SULA29,SUL AMÉRICA S/A (*),08/11/2028,"DI + 1,7%",1.229,0.9571,1.111,0.0595,1.0515,1.1706,1017.076248,101.6582,714.33,,
SUZB18,SUZANO S.A. (*) (**),15/09/2028,"DI + 1,2%",0.7498,0.4419,0.6075,0.0619,0.5456,0.6695,10364.502325,101.7995,766.45,,
SUZBA1,SUZANO S.A. (*),15/05/2032,"DI + 0,8%",0.9,0.73,0.8276,0.0144,0.8132,0.8421,1049.985365,99.8773,1130.15,,
SUZBB1,SUZANO S.A. (*),15/05/2034,DI + 1%,0.9875,0.7,0.8392,0.0131,0.8261,0.8524,1060.944413,100.8269,1304.59,0.05,
SVEA14,SOLVI ESSENCIS AMBIENTAL S.A. (*),12/04/2029,"DI + 3,1%",2.8961,2.4056,2.7057,0.1596,2.5462,2.8654,1019.710281,100.9069,594.34,,
SVEA22,SOLVI ESSENCIS AMBIENTAL S.A. (*),15/06/2032,"DI + 3,5%",3.2761,2.4613,2.9028,0.1014,2.8015,3.0043,1010.442044,101.52,660.05,,
TAEEA1,TRANS. ALIANÇA DE ENERGIA ELÉTRICA S/A,15/05/2028,"DI + 1,7%",0.5942,0.45,0.518,0.022,0.496,0.5401,1094.410956,103.1991,680.8,,
TAEEA5,TRANSMISSORA ALIANÇA DE ENERGIA ELÉTRICA S.A. (*),15/03/2029,"DI + 0,63%",0.6707,0.5385,0.6452,0.0132,0.6321,0.6585,1016.701647,99.9494,844.13,0.35,
TAEEB1,TRANS. ALIANÇA DE ENERGIA ELÉTRICA S/A,15/01/2025,"DI + 1,18%",0.4265,0.2224,0.3516,0.0419,0.3097,0.3936,519.937495,100.1404,43,,
TAEEC1,TRANS. ALIANÇA DE ENERGIA ELÉTRICA S/A,15/01/2027,"DI + 1,36%",0.4316,0.2566,0.3402,0.0236,0.3166,0.3639,1050.049264,101.0596,263.44,,
TBSP11,TIM BRASIL SERVICOS E PARTICIPACOES S.A (*),25/07/2028,"DI + 2,3%",0.9681,0.7636,0.8631,0.0171,0.846,0.8802,908.159986,102.3658,418.5,0.5,
TEND19,CONSTRUTORA TENDA S/A (*) (**),15/09/2026,"DI + 3,6%",--,--,3.6395,0.1309,3.5086,3.7705,1021.452314,99.9539,304.86,,
TFLE18,LOCALIZA FLEET S.A. (*) (**),12/02/2025,DI + 1%,1.1821,0.5519,0.9294,0.188,0.7414,1.1175,343.014679,100.0175,63,,
TFLEA0,LOCALIZA FLEET S.A. (*) (**),05/04/2027,"DI + 1,6%",1.4962,1.2229,1.394,0.1423,1.2517,1.5365,1015.971925,100.4204,520.97,,
TFLEA1,LOCALIZA FLEET S.A. (*),05/10/2027,"DI + 1,6%",1.5599,1.3899,1.4666,0.028,1.4386,1.4948,1014.95044,100.3194,611.81,,
TFLEA3,LOCALIZA FLEET S.A. (*),20/12/2028,"DI + 1,85%",1.7387,1.4337,1.5944,0.1091,1.4852,1.7036,1057.097911,100.7722,772.05,,
TFLEB0,LOCALIZA FLEET S.A. (*),05/04/2028,"DI + 1,75%",1.6708,1.4732,1.5753,0.0258,1.5495,1.6012,1016.664885,100.4742,693.95,,
TIET19,AES TIETE ENERGIA S/A (*) (**),15/03/2027,DI + 1%,0.7126,0.4084,0.5416,0.0511,0.4905,0.5927,1025.402407,100.7461,411.96,0.35,
TIETA0,AES TIETE ENERGIA S/A (*),12/12/2027,"DI + 1,5%",0.75,0.2643,0.5473,0.0656,0.4817,0.6129,1075.071688,102.3507,622,,
TLPP27,TELEFÔNICA BRASIL S/A (*) (**),12/07/2027,"DI + 1,35%",0.9095,0.7083,0.8163,0.0148,0.8015,0.8311,1051.662698,101.1731,557.04,,
TRES11,TRES TENTOS AGROINDUSTRIAL S.A (*),05/04/2029,"DI + 2,1%",1.5971,1.3,1.443,0.024,1.419,1.4671,1034.14802,102.1672,838.52,0.35,
TRIS17,TRISUL S/A (*) (**),15/12/2025,"DI + 2,45%",1.3664,0.5767,1.0318,0.4302,0.6016,1.4621,397.904686,100.7637,137.82,,
TRPLA3,COMPANHIA DE TRANSMISSÃO DE ENERGIA ELÉTRICA PAULISTA - CTEEP (*),15/03/2030,"DI + 1,5%",0.9571,0.6523,0.8165,0.0282,0.7882,0.8448,1045.301016,102.6206,967.51,,
TRPLA5,COMPANHIA DE TRANSMISSÃO DE ENERGIA ELÉTRICA PAULISTA - CTEEP (*),15/03/2029,"DI + 0,73%",--,--,0.7071,0.0202,0.6869,0.7273,1018.150401,100.0761,842.75,,
TRPLA6,COMPANHIA DE TRANSMISSÃO DE ENERGIA ELÉTRICA PAULISTA - CTEEP (*),20/05/2031,"DI + 0,8%",0.9796,0.665,0.7931,0.0472,0.7459,0.8404,1051.567992,100.0278,1023.81,0.05,
TRPLB5,COMPANHIA DE TRANSMISSÃO DE ENERGIA ELÉTRICA PAULISTA - CTEEP (*),17/03/2031,"DI + 0,8%",--,--,0.7411,0.0207,0.7204,0.7618,1019.941209,100.241,1038.22,,
TSSG13,TRANSPORTADORA ASSOCIADA DE GAS S.A. - TAG (*),20/06/2029,"DI + 0,98%",--,--,0.8898,0.0204,0.8694,0.9103,1045.826691,100.3037,855.5,0.05,
TUPY15,TUPY S/A (*),17/07/2029,"DI + 0,87%",0.95,0.6575,0.8083,0.0198,0.7886,0.8282,1038.655899,100.2121,872.82,,
TUPY25,TUPY S/A (*),17/07/2031,DI + 1%,1.0827,0.8475,0.9608,0.0676,0.8932,1.0285,1038.579891,100.1623,1052.78,,
TUPY35,TUPY S/A (*),17/07/2034,"DI + 1,18%",1.3314,1.1035,1.2205,0.0285,1.192,1.2491,1035.393253,99.7964,1282.83,,
UNDAF5,UNIDAS S/A (*) (**),15/12/2027,"DI + 1,8%",1.5801,1.3357,1.4446,0.0721,1.3725,1.5168,1058.056364,100.7435,534.06,,
UNIP15,UNIPAR CARBOCLORO S/A,10/06/2025,"DI + 1,25%",0.55,0.1051,0.3319,0.0226,0.3092,0.3546,3517.803201,100.4895,135.1,,
UNIP17,UNIPAR CARBOCLORO S/A,13/10/2028,"DI + 1,9%",0.8276,0.6297,0.7389,0.0416,0.6973,0.7807,1042.06072,103.2145,697.36,0.15,
UNIP18,UNIPAR CARBOCLORO S/A (*),16/10/2030,"DI + 2,05%",1.0503,0.8,0.9339,0.0358,0.8981,0.9698,1052.585893,104.3453,979.35,,
UNIP19,UNIPAR CARBOCLORO S/A (*),05/09/2029,"DI + 0,85%",0.8277,0.3167,0.5918,0.0313,0.5605,0.6233,1030.068211,100.9268,907.66,,
UNIP26,UNIPAR CARBOCLORO S/A,29/04/2026,DI + 2%,--,--,0.576,0.6822,-0.1062,1.2582,1017.183404,101.2761,227.7,,
UNIP29,UNIPAR CARBOCLORO S/A (*),05/09/2031,"DI + 1,2%",1.2169,0.9685,1.0923,0.0356,1.0567,1.128,1025.940328,100.4574,1080.7,,
UQFN15,UNIÃO QUÍMICA FARMACÊUTICA NACIONAL S/A (*),13/06/2031,"DI + 1,3%",--,--,1.3385,0.0234,1.3151,1.3619,1047.506066,99.855,961.84,,
USIM18,USINAS SIDERURGICAS DE MINAS GERAIS S/A - USIMINAS (*),23/05/2027,"DI + 1,5%",1.7036,1.3983,1.5574,0.0289,1.5285,1.5864,1055.328256,99.8828,522.49,,
USIM19,USINAS SIDERURGICAS DE MINAS GERAIS S/A - USIMINAS (*),09/12/2027,"DI + 1,45%",1.731,1.4289,1.5988,0.0714,1.5274,1.6703,1047.33086,99.6411,618.01,0.05,
USIM28,USINAS SIDERURGICAS DE MINAS GERAIS S/A - USIMINAS (*),23/05/2029,"DI + 1,7%",1.7,1.4179,1.561,0.024,1.537,1.5851,1061.893546,100.4093,752.88,,
USIM29,USINAS SIDERURGICAS DE MINAS GERAIS S/A - USIMINAS (*),09/12/2029,"DI + 1,65%",1.6086,1.3444,1.4836,0.0311,1.4525,1.5147,1057.717145,100.5428,833.12,,
USIM39,USINAS SIDERURGICAS DE MINAS GERAIS S/A - USIMINAS (*),09/12/2032,"DI + 1,95%",--,--,1.6839,0.0948,1.5891,1.7789,1065.461821,101.1487,1103.55,,
USIMA0,USINAS SIDERURGICAS DE MINAS GERAIS S/A - USIMINAS (*),19/09/2029,"DI + 1,35%",1.6763,1.3958,1.4944,0.0698,1.4245,1.5643,1010.433861,99.4894,905.69,,
VAMO13,"VAMOS LOCACAO DE CAMINHOES, MAQUINAS E EQUIPAMENTOS S.A. (*)",15/06/2029,"DI + 2,3%",3.0402,2.321,2.7027,0.3092,2.3935,3.012,1041.266482,98.9426,680.98,,
VAMO14,"VAMOS LOCACAO DE CAMINHOES, MAQUINAS E EQUIPAMENTOS S.A. (*)",15/10/2028,"DI + 2,4%",2.9125,2.4207,2.6661,0.2151,2.451,2.8814,1003.237203,99.3797,603.83,0.15,
VAMO17,"VAMOS LOCACAO DE CAMINHOES, MAQUINAS E EQUIPAMENTOS S.A.",15/06/2028,"DI + 2,17%",2.4288,1.9926,2.1934,0.1038,2.0896,2.2973,1051.339157,99.9527,521.02,,
VAMO22,"VAMOS LOCACAO DE CAMINHOES, MAQUINAS E EQUIPAMENTOS S.A. (*) (**)",20/08/2026,DI + 2%,2.0958,1.6248,1.8411,0.2281,1.613,2.0693,686.947002,100.1799,290.59,0.1,
VAMO23,"VAMOS LOCACAO DE CAMINHOES, MAQUINAS E EQUIPAMENTOS S.A. (*)",15/06/2031,"DI + 2,75%",3.0603,2.6054,2.833,0.1921,2.6409,3.0252,1051.18876,99.7029,928.1,,
VAMO24,"VAMOS LOCACAO DE CAMINHOES, MAQUINAS E EQUIPAMENTOS S.A. (*)",15/10/2031,"DI + 2,8%",2.9511,2.4998,2.7414,0.0419,2.6995,2.7835,1012.098853,100.2281,1007.07,,
VAMOA0,"VAMOS LOCACAO DE CAMINHOES, MAQUINAS E EQUIPAMENTOS S.A. (*)",21/02/2029,"DI + 2,35%",2.8115,1.7892,2.5352,0.2483,2.2869,2.7837,1023.519013,99.4774,729.98,,
VBBR14,VIBRA ENERGIA S.A (*),16/11/2028,"DI + 1,45%",1.1462,0.8932,1.0278,0.0146,1.0132,1.0425,1136.175326,101.1018,663.01,,
VBBR15,VIBRA ENERGIA S.A (*),03/10/2029,"DI + 1,5%",1.1839,0.89,1.0627,0.0283,1.0344,1.0911,1027.28743,101.4552,844.34,,
VBBR16,VIBRA ENERGIA S.A (*),05/04/2031,"DI + 1,07%",1.3456,1.0428,1.1686,0.0619,1.1067,1.2305,1007.11675,99.5968,1043.61,,
VBBR24,VIBRA ENERGIA S.A (*),16/11/2031,"DI + 1,75%",1.31,1.0045,1.157,0.0734,1.0836,1.2305,1152.684331,102.2708,971.96,0.05,
VECS11,VERT-11 COMPANHIA SECURITIZADORA DE CREDITOS FINANCEIROS,18/07/2025,"DI + 1,4%",0.9,0.6,0.7498,0.0002,0.7496,0.7501,1041.882099,100.395,154.42,0.45,
VIAL1A,RODOVIAS INTEGRADAS DO OESTE S/A (*) (**),02/08/2026,"DI + 1,85%",--,--,1.4625,0.4396,1.0229,1.9022,1038.342152,100.4225,278.88,,
VIXL14,VIX LOGÍSTICA S/A,15/03/2026,"DI + 2,6%",1.3047,1,1.1821,0.1043,1.0778,1.2866,687.696645,101.097,197.98,,
VIXL15,VIX LOGÍSTICA S/A,26/10/2026,"DI + 2,15%",1.4403,1.164,1.3029,0.1069,1.196,1.4099,1016.139192,101.1176,336.63,,
VIXL18,VIX LOGÍSTICA S/A (*),11/06/2030,DI + 2%,1.6681,1.4131,1.5252,0.0504,1.4748,1.5757,1051.074199,101.5639,839.7,,
VIXL25,VIX LOGÍSTICA S/A,26/10/2028,"DI + 2,5%",1.6537,1.4,1.5088,0.0578,1.451,1.5668,1029.064005,102.3899,613.8,,
VIXL26,VIX LOGÍSTICA S/A,29/09/2028,"DI + 2,8%",1.7062,1.4283,1.5528,0.0716,1.4812,1.6244,1046.742601,103.0776,627.42,,
VIXL35,VIX LOGÍSTICA S/A,26/10/2026,"DI + 2,15%",1.4371,1.1705,1.2934,0.1088,1.1847,1.4023,1016.266502,101.1303,336.63,,
VIXL45,VIX LOGÍSTICA S/A,26/10/2028,"DI + 2,5%",1.6237,1.3409,1.4875,0.1531,1.3344,1.6408,1029.590171,102.4423,613.85,,
VLID19,VALID SOLUCOES S/A (*),20/06/2027,DI + 3%,--,--,1.8409,0.0326,1.8083,1.8737,1067.712524,101.3226,293.53,,
VLME11,VRENTAL LOCACAO DE MAQUINAS E EQUIPAMENTOS S.A. (*) (**),16/11/2027,DI + 6%,3.6893,3.268,3.4794,0.1198,3.3597,3.5993,867.138106,102.959,308.11,,
VLME12,VRENTAL LOCACAO DE MAQUINAS E EQUIPAMENTOS S.A. (*),15/08/2028,"DI + 5,5%",3.7041,2.8312,3.2574,0.4543,2.8031,3.7118,956.080046,103.5605,413.55,,
VVEO15,CM HOSPITALAR S.A. (*) (**),22/07/2027,"DI + 1,6%",19.3902,11.9778,15.1719,0.3528,14.8191,15.5247,824.81579,79.5001,452.45,,
VVEO16,CM HOSPITALAR S.A. (*) (**),27/10/2027,"DI + 1,6%",19.3873,11.9745,15.1691,0.3479,14.8212,15.5171,773.526034,76.9913,516.79,,
WIZS11,WIZ SOLUCOES E CORRETAGEM DE SEGUROS S.A. (*) (**),18/08/2026,"DI + 2,5%",2.1481,1.6858,1.9255,0.0391,1.8864,1.9647,1036.890209,100.6442,288.1,0.05,
XPVS24,XP INVESTIMENTOS S/A (*),23/06/2025,"DI + 1,9%",1.1289,0.8,0.9919,0.0513,0.9406,1.0433,1374.565788,100.5343,150,,
XVII11,INFRAESTRUTURA BRASIL HOLDING XVII S.A (*) (**),28/06/2025,"DI + 3,05%",2.5595,1.9492,2.1984,0.439,1.7594,2.6375,641.220436,100.5117,155,,
YDUQ18,YDUQS PARTICIPACOES S.A (*) (**),23/09/2027,"DI + 1,5%",1.0503,0.8562,0.9571,0.0514,0.9057,1.0087,1027.844258,101.1368,531.53,,
YDUQA0,YDUQS PARTICIPACOES S.A (*),10/04/2029,"DI + 1,25%",0.9679,0.6237,0.8317,0.0678,0.764,0.8996,1022.977544,101.2844,777.63,,
,,,,,,,,,,,,,,
(*) O papel tem cláusula de Resgate ou Amortização Antecipado.,,,,,,,,,,,,,,
(**) A cláusula já está no período de exercício.,,,,,,,,,,,,,,
(#) Condição atual de negociação em “combo” dessas emissões.,,,,,,,,,,,,,,
"Obs.:  Algumas séries de debêntures não têm seus preços divulgados, em função de características não padronizadas ou incertezas sobre os eventos financeiros.  ",,,,,,,,,,,,,,
